,ID,Gender,Marital Status,Income,Children,Education,Occupation,Home Owner,Cars,Commute Distance,Region,Age,Purchased Bike
0,12496,Female,Married,40000,1,Bachelors,Skilled Manual,Yes,0,0-1 Miles,Europe,42,No
1,24107,Male,Married,30000,3,Partial College,Clerical,Yes,1,0-1 Miles,Europe,31,No
2,14177,Male,Married,80000,5,Partial College,Professional,No,2,2-5 Miles,Europe,60,No
3,24381,Male,Single,70000,0,Bachelors,Professional,Yes,1,5-10 Miles,Pacific,41,Yes
4,25597,Male,Single,30000,0,Bachelors,Clerical,No,0,0-1 Miles,Europe,36,Yes
5,13507,Female,Married,10000,2,Partial College,Manual,Yes,0,1-2 Miles,Europe,50,No
6,27974,Male,Single,160000,2,High School,Management,Yes,4,0-1 Miles,Pacific,33,Yes
7,19364,Male,Married,40000,1,Bachelors,Skilled Manual,Yes,0,0-1 Miles,Europe,43,Yes
8,22155,Male,#NAME?,20000,2,Partial High School,Clerical,Yes,2,5-10 Miles,Pacific,58,No
9,19280,Male,Married,60000,2,Partial College,Manual,Yes,1,0-1 Miles,Europe,43,Yes
10,22173,Female,Married,30000,3,High School,Skilled Manual,No,2,1-2 Miles,Pacific,54,Yes
11,12697,Female,Single,90000,0,Bachelors,Professional,No,4,10+ Miles,Pacific,36,No
12,11434,Male,Married,170000,5,Partial College,Professional,Yes,1,0-1 Miles,Europe,55,No
13,25323,Male,Married,40000,2,Partial College,Clerical,Yes,1,1-2 Miles,Europe,35,Yes
14,23542,Male,Single,60000,1,Partial College,Skilled Manual,No,1,0-1 Miles,Pacific,45,Yes
15,20870,Female,Single,10000,2,High School,Manual,Yes,1,0-1 Miles,Europe,38,Yes
16,23316,Male,Single,30000,3,Partial College,Clerical,No,2,1-2 Miles,Pacific,59,Yes
17,12610,Female,Married,30000,1,Bachelors,Clerical,Yes,0,0-1 Miles,Europe,47,No
18,27183,Male,Single,40000,2,Partial College,Clerical,Yes,1,1-2 Miles,Europe,35,Yes
19,25940,Male,Single,20000,2,Partial High School,Clerical,Yes,2,5-10 Miles,Pacific,55,Yes
20,25598,Female,Married,40000,0,Graduate Degree,Clerical,Yes,0,0-1 Miles,Europe,36,Yes
21,21564,Female,Single,80000,0,Bachelors,Professional,Yes,4,10+ Miles,Pacific,35,No
22,19193,Male,Single,40000,2,Partial College,Clerical,Yes,0,1-2 Miles,Europe,35,Yes
23,26412,Female,Married,80000,5,High School,Management,No,3,5-10 Miles,Europe,56,No
24,27184,Male,Single,40000,2,Partial College,Clerical,No,1,0-1 Miles,Europe,34,No
25,12590,Male,Single,30000,1,Bachelors,Clerical,Yes,0,0-1 Miles,Europe,63,No
26,17841,Male,Single,30000,0,Partial College,Clerical,No,1,0-1 Miles,Europe,29,Yes
27,18283,Male,#NAME?,100000,0,Bachelors,Professional,No,1,5-10 Miles,Pacific,40,No
28,18299,Male,Married,70000,5,Partial College,Skilled Manual,Yes,2,5-10 Miles,Pacific,44,No
29,16466,Female,Single,20000,0,Partial High School,Manual,No,2,0-1 Miles,Europe,32,Yes
30,19273,Female,Married,20000,2,Partial College,Manual,Yes,0,0-1 Miles,Europe,63,No
31,22400,Male,Married,10000,0,Partial College,Manual,No,1,0-1 Miles,Pacific,26,Yes
32,20942,Female,Single,20000,0,High School,Manual,No,1,5-10 Miles,Europe,31,No
33,18484,Male,Single,80000,2,High School,Skilled Manual,No,2,1-2 Miles,Pacific,50,Yes
34,12291,Male,Single,90000,5,Partial College,Professional,No,2,2-5 Miles,Europe,62,Yes
35,28380,Female,Single,10000,5,Partial High School,Manual,No,2,0-1 Miles,Europe,41,No
36,17891,Female,Married,10000,2,Partial College,Manual,Yes,1,0-1 Miles,Europe,50,Yes
37,27832,Female,Single,30000,0,Partial College,Clerical,No,1,2-5 Miles,Europe,30,No
38,26863,Male,Single,20000,0,High School,Manual,No,1,2-5 Miles,Europe,28,No
39,16259,Female,Single,10000,4,Partial High School,Manual,Yes,2,0-1 Miles,Europe,40,Yes
40,27803,Female,Single,30000,2,Partial College,Clerical,No,0,0-1 Miles,Europe,43,No
41,14347,Female,Single,40000,2,Bachelors,Management,Yes,2,5-10 Miles,Pacific,65,Yes
42,17703,Female,Married,10000,1,Graduate Degree,Manual,Yes,0,0-1 Miles,Europe,40,No
43,17185,Female,Married,170000,4,Partial College,Professional,No,3,5-10 Miles,Europe,48,Yes
44,29380,Female,Married,20000,3,High School,Manual,Yes,0,0-1 Miles,Europe,41,Yes
45,23986,Female,Married,20000,1,Bachelors,Clerical,Yes,0,0-1 Miles,Europe,66,Yes
46,24466,Female,Married,60000,1,Partial College,Skilled Manual,Yes,1,5-10 Miles,Pacific,46,Yes
47,29097,Female,Single,40000,2,Partial College,Skilled Manual,Yes,2,5-10 Miles,Pacific,52,Yes
48,19487,Male,Married,30000,2,Partial College,Clerical,No,2,0-1 Miles,Europe,42,No
49,14939,Male,#NAME?,40000,0,Bachelors,Clerical,Yes,0,0-1 Miles,Europe,39,Yes
50,13826,Female,Single,30000,0,Partial College,Clerical,No,1,0-1 Miles,Europe,28,No
51,20619,Male,Single,80000,0,Bachelors,Professional,No,4,10+ Miles,Pacific,35,No
52,12558,Female,Married,20000,1,Bachelors,Clerical,Yes,0,0-1 Miles,Europe,65,No
53,24871,Female,Single,90000,4,High School,Management,No,3,5-10 Miles,Europe,56,No
54,17319,Female,Single,70000,0,Bachelors,Professional,No,1,5-10 Miles,Pacific,42,No
55,28906,Male,Married,80000,4,High School,Professional,Yes,2,10+ Miles,Europe,54,No
56,12808,Male,Married,40000,0,Bachelors,Clerical,Yes,0,0-1 Miles,Europe,38,Yes
57,20567,Male,Married,130000,4,Partial College,Professional,No,4,5-10 Miles,Europe,61,Yes
58,25502,Female,Married,40000,1,Bachelors,Skilled Manual,Yes,0,0-1 Miles,Europe,43,Yes
59,15580,Male,Married,60000,2,Bachelors,Professional,Yes,1,2-5 Miles,Pacific,38,Yes
60,24185,Female,Single,10000,1,High School,Manual,No,1,1-2 Miles,Europe,45,No
61,19291,Female,Single,10000,2,High School,Manual,Yes,0,0-1 Miles,Europe,35,No
62,16713,Male,Married,40000,2,Bachelors,Management,Yes,1,0-1 Miles,Pacific,52,Yes
63,16185,Male,Single,60000,4,Bachelors,Professional,Yes,3,10+ Miles,Pacific,41,No
64,14927,Female,Married,30000,1,Bachelors,Clerical,Yes,0,0-1 Miles,Europe,37,Yes
65,29337,Male,Single,30000,2,Partial College,Clerical,Yes,2,5-10 Miles,Pacific,68,No
66,29355,Female,Married,40000,0,Graduate Degree,Clerical,Yes,0,0-1 Miles,Europe,37,Yes
67,25303,Male,Single,30000,0,High School,Manual,Yes,1,2-5 Miles,Europe,33,Yes
68,14813,Female,Single,20000,4,High School,Manual,Yes,1,0-1 Miles,Europe,43,Yes
69,16438,Female,Married,10000,0,Partial High School,Manual,No,2,0-1 Miles,Europe,30,No
70,14238,Male,Married,120000,0,Partial High School,Professional,Yes,4,10+ Miles,Pacific,36,Yes
71,16200,Female,Single,10000,0,Partial High School,Manual,No,2,0-1 Miles,Europe,35,No
72,24857,Female,Married,130000,3,High School,Professional,Yes,4,0-1 Miles,Europe,52,No
73,26956,Female,Single,20000,0,Partial College,Manual,No,1,2-5 Miles,Europe,36,Yes
74,14517,Female,Married,20000,3,High School,Skilled Manual,No,2,1-2 Miles,Pacific,62,No
75,12678,Female,Single,130000,4,High School,Management,Yes,4,0-1 Miles,Pacific,31,No
76,16188,Female,Single,20000,0,Partial High School,Manual,No,2,1-2 Miles,Europe,26,No
77,27969,Male,Married,80000,0,Bachelors,Professional,Yes,2,10+ Miles,Pacific,29,Yes
78,15752,Male,Married,80000,2,High School,Skilled Manual,No,2,1-2 Miles,Pacific,50,Yes
79,27745,Male,Single,40000,2,Bachelors,Management,Yes,2,5-10 Miles,Pacific,63,Yes
80,20828,Female,Married,30000,4,Graduate Degree,Clerical,Yes,0,0-1 Miles,Europe,45,Yes
81,19461,Female,Single,10000,4,Partial High School,Manual,Yes,2,0-1 Miles,Europe,40,No
82,26941,Male,Married,30000,0,Bachelors,Clerical,Yes,0,0-1 Miles,Europe,47,Yes
83,28412,Male,Single,20000,0,High School,Manual,No,1,2-5 Miles,Europe,29,No
84,24485,Male,Single,40000,2,Bachelors,Management,No,1,5-10 Miles,Pacific,52,Yes
85,16514,Male,Single,10000,0,Partial College,Manual,Yes,1,1-2 Miles,Pacific,26,Yes
86,17191,Male,Single,130000,3,Partial College,Professional,No,3,0-1 Miles,Europe,51,Yes
87,19608,Male,Married,80000,5,Bachelors,Professional,Yes,4,1-2 Miles,Pacific,40,No
88,24119,Male,Single,30000,0,Partial College,Clerical,No,1,2-5 Miles,Europe,29,No
89,25458,Male,Married,20000,1,High School,Manual,No,1,1-2 Miles,Europe,40,Yes
90,26886,Female,Single,30000,0,Partial College,Clerical,No,1,0-1 Miles,Europe,29,Yes
91,28436,Male,Single,30000,0,Partial College,Clerical,No,1,0-1 Miles,Europe,30,Yes
92,19562,Female,Single,60000,2,Bachelors,Professional,Yes,1,2-5 Miles,Pacific,37,Yes
93,15608,Female,Single,30000,0,Partial College,Clerical,No,1,2-5 Miles,Europe,33,No
94,16487,Female,Single,30000,3,High School,Skilled Manual,Yes,2,5-10 Miles,Pacific,55,No
95,17197,Female,Single,90000,5,Partial College,Professional,Yes,2,10+ Miles,Europe,62,No
96,12507,Male,Married,30000,1,Partial College,Clerical,Yes,1,0-1 Miles,Europe,43,No
97,23940,Male,Married,40000,1,Bachelors,Skilled Manual,Yes,1,0-1 Miles,Europe,44,Yes
98,19441,Male,#NAME?,40000,0,Graduate Degree,Clerical,Yes,0,0-1 Miles,Europe,43,Yes
99,26852,Female,Married,20000,3,High School,Manual,Yes,2,0-1 Miles,Europe,43,No
100,12274,Male,Single,10000,2,High School,Manual,Yes,0,0-1 Miles,Europe,35,No
101,20236,Male,Single,60000,3,Bachelors,Professional,No,2,0-1 Miles,Pacific,43,Yes
102,24149,Male,Married,10000,2,Partial College,Manual,Yes,0,1-2 Miles,Europe,49,No
103,26139,Male,Single,60000,1,Partial College,Skilled Manual,Yes,1,5-10 Miles,Pacific,45,No
104,18491,Female,Single,70000,2,High School,Professional,Yes,2,5-10 Miles,Pacific,49,Yes
105,22707,Female,Single,30000,0,Partial College,Clerical,No,1,2-5 Miles,Europe,30,No
106,20430,Male,Married,70000,2,Partial College,Skilled Manual,Yes,2,5-10 Miles,Pacific,52,Yes
107,27494,Female,Single,40000,2,Partial College,Skilled Manual,No,2,1-2 Miles,Pacific,53,Yes
108,26829,Female,Married,40000,0,Bachelors,Clerical,Yes,0,0-1 Miles,Europe,38,Yes
109,28395,Male,Single,40000,0,Bachelors,Professional,No,0,0-1 Miles,Europe,39,Yes
110,21006,Female,Single,60000,1,Partial College,Manual,No,0,0-1 Miles,Europe,46,Yes
111,14682,Female,Single,70000,0,Bachelors,Professional,No,1,5-10 Miles,Pacific,38,No
112,17650,Female,Single,40000,2,Partial College,Clerical,Yes,2,1-2 Miles,Europe,35,No
113,29191,Female,Single,130000,1,Graduate Degree,Management,No,1,0-1 Miles,Pacific,36,Yes
114,15030,Male,Married,20000,0,Bachelors,Clerical,Yes,0,0-1 Miles,Pacific,26,Yes
115,24140,Male,Single,10000,0,Graduate Degree,Manual,No,0,0-1 Miles,Europe,30,Yes
116,22496,Female,Married,30000,1,Bachelors,Skilled Manual,Yes,2,0-1 Miles,Europe,42,No
117,24065,Female,Single,20000,2,High School,Manual,Yes,0,0-1 Miles,Europe,40,Yes
118,19914,Male,Married,80000,5,Bachelors,Management,Yes,2,2-5 Miles,Europe,62,No
119,12871,Female,Single,30000,0,Partial College,Clerical,No,1,2-5 Miles,Europe,29,No
120,22988,Female,Married,40000,2,Bachelors,Management,Yes,2,5-10 Miles,Pacific,66,Yes
121,15922,Male,Married,150000,2,High School,Professional,Yes,4,0-1 Miles,Europe,48,No
122,12344,Female,Single,80000,0,Bachelors,Professional,No,3,10+ Miles,Pacific,31,No
123,23627,Female,Single,100000,3,Partial College,Management,No,4,5-10 Miles,Europe,56,No
124,27775,Female,Single,40000,0,Bachelors,Clerical,No,0,0-1 Miles,Europe,38,Yes
125,29301,Male,Married,80000,5,Bachelors,Professional,Yes,4,1-2 Miles,Pacific,40,No
126,12716,Male,Single,30000,0,Partial College,Clerical,Yes,1,2-5 Miles,Europe,32,No
127,12472,Male,Married,30000,1,Bachelors,Clerical,Yes,1,2-5 Miles,Europe,39,No
128,20970,Male,Single,10000,2,Partial College,Manual,Yes,1,0-1 Miles,Europe,52,Yes
129,26818,Male,Single,10000,3,High School,Manual,Yes,1,0-1 Miles,Europe,39,Yes
130,12993,Male,Married,60000,2,Bachelors,Professional,Yes,1,2-5 Miles,Pacific,37,No
131,14192,Male,Married,90000,4,High School,Management,Yes,3,5-10 Miles,Europe,56,Yes
132,19477,Male,Married,40000,0,Bachelors,Professional,Yes,0,0-1 Miles,Europe,40,Yes
133,26796,Male,Single,40000,2,Bachelors,Management,Yes,2,5-10 Miles,Pacific,65,Yes
134,21094,Female,Single,30000,2,Partial College,Clerical,Yes,2,0-1 Miles,Europe,42,No
135,12234,Male,Married,10000,2,Partial College,Manual,Yes,1,2-5 Miles,Europe,52,No
136,28683,Female,Single,10000,1,High School,Manual,No,1,5-10 Miles,Europe,35,Yes
137,17994,Male,Single,20000,2,High School,Manual,Yes,2,0-1 Miles,Europe,42,No
138,24273,Female,Married,20000,2,Partial High School,Clerical,Yes,2,5-10 Miles,Pacific,55,Yes
139,26547,Female,Single,30000,2,Partial College,Clerical,No,2,5-10 Miles,Pacific,60,Yes
140,22500,Male,Single,40000,0,Bachelors,Professional,No,0,0-1 Miles,Europe,40,Yes
141,23993,Female,Single,10000,0,Partial College,Manual,No,1,0-1 Miles,Pacific,26,Yes
142,14832,Male,Married,40000,1,Bachelors,Skilled Manual,Yes,0,0-1 Miles,Europe,42,Yes
143,16614,Female,Married,80000,0,Bachelors,Professional,Yes,3,10+ Miles,Pacific,32,No
144,20877,Male,Single,30000,1,Bachelors,Clerical,Yes,0,1-2 Miles,Europe,37,Yes
145,20729,Female,Married,40000,2,Partial College,Clerical,No,1,0-1 Miles,Europe,34,No
146,22464,Male,Married,40000,0,Graduate Degree,Clerical,Yes,0,0-1 Miles,Europe,37,Yes
147,19475,Female,Married,40000,0,Bachelors,Professional,No,0,0-1 Miles,Europe,40,Yes
148,19675,Male,Married,20000,4,High School,Skilled Manual,Yes,2,5-10 Miles,Pacific,60,No
149,12728,Male,Single,30000,0,Partial College,Clerical,No,1,1-2 Miles,Europe,27,No
150,26154,Male,#NAME?,60000,1,Partial College,Skilled Manual,Yes,1,5-10 Miles,Pacific,43,Yes
151,29117,Male,Single,100000,1,Bachelors,Management,No,3,0-1 Miles,Pacific,48,No
152,17845,Female,Single,20000,0,Partial High School,Manual,No,2,1-2 Miles,Europe,32,No
153,25058,Male,Married,100000,1,Bachelors,Management,Yes,3,2-5 Miles,Pacific,47,No
154,23426,Male,Single,80000,5,Graduate Degree,Management,Yes,3,0-1 Miles,Pacific,40,No
155,14798,Female,Single,10000,4,Partial High School,Manual,Yes,2,0-1 Miles,Europe,41,Yes
156,12664,Female,Married,130000,5,Partial College,Professional,Yes,4,0-1 Miles,Europe,59,No
157,23979,Male,Single,10000,2,Partial College,Manual,No,0,0-1 Miles,Europe,50,No
158,25605,Female,Single,20000,2,Partial College,Manual,No,1,0-1 Miles,Europe,54,Yes
159,20797,Female,Married,10000,1,Bachelors,Manual,Yes,0,0-1 Miles,Europe,48,No
160,21980,Female,Single,60000,1,Bachelors,Professional,Yes,1,5-10 Miles,Pacific,44,Yes
161,25460,Female,Married,20000,2,High School,Manual,Yes,0,0-1 Miles,Europe,40,Yes
162,29181,Female,Single,60000,2,Bachelors,Professional,No,1,0-1 Miles,Pacific,38,Yes
163,24279,Male,Single,40000,2,Partial College,Skilled Manual,No,2,1-2 Miles,Pacific,52,No
164,22402,Male,Married,10000,0,Partial College,Manual,Yes,1,2-5 Miles,Pacific,25,Yes
165,15465,Female,Married,10000,0,Partial College,Manual,No,1,0-1 Miles,Pacific,25,No
166,26757,Male,Single,90000,1,Bachelors,Professional,Yes,1,2-5 Miles,Pacific,47,Yes
167,14233,Male,Single,100000,0,High School,Management,Yes,3,10+ Miles,Pacific,35,No
168,14058,Male,Single,70000,0,Bachelors,Professional,No,1,5-10 Miles,Pacific,41,Yes
169,12273,Male,Married,30000,1,Bachelors,Clerical,Yes,0,0-1 Miles,Europe,47,No
170,17203,Female,Married,130000,4,Partial College,Professional,Yes,4,5-10 Miles,Europe,61,Yes
171,18144,Female,Married,80000,5,Bachelors,Management,Yes,2,2-5 Miles,Europe,61,No
172,23963,Male,Married,10000,0,Partial High School,Manual,No,2,0-1 Miles,Europe,33,No
173,17907,Female,Married,10000,0,Partial College,Manual,Yes,1,2-5 Miles,Pacific,27,No
174,19442,Male,Single,50000,0,Graduate Degree,Skilled Manual,Yes,0,0-1 Miles,Europe,37,Yes
175,17504,Female,Single,80000,2,Partial College,Skilled Manual,Yes,2,5-10 Miles,Pacific,52,Yes
176,12253,Female,Single,20000,0,Partial College,Manual,Yes,0,0-1 Miles,Pacific,29,Yes
177,27304,Female,Single,110000,2,Partial College,Professional,No,3,5-10 Miles,Europe,48,No
178,14191,Male,Married,160000,4,Partial College,Professional,No,2,10+ Miles,Europe,55,Yes
179,12212,Female,Married,10000,0,Graduate Degree,Manual,Yes,0,0-1 Miles,Europe,37,Yes
180,25529,Male,Single,10000,1,Graduate Degree,Manual,Yes,0,0-1 Miles,Europe,44,No
181,22170,Female,Married,30000,3,Partial College,Clerical,No,2,1-2 Miles,Pacific,55,Yes
182,19445,Female,Married,10000,2,High School,Manual,No,1,0-1 Miles,Europe,38,No
183,15265,Male,Single,40000,2,Bachelors,Management,Yes,2,5-10 Miles,Pacific,66,Yes
184,28918,Female,Married,130000,4,High School,Management,No,4,10+ Miles,Europe,58,No
185,15799,Female,Married,90000,1,Bachelors,Professional,Yes,1,2-5 Miles,Pacific,47,Yes
186,11047,Female,Married,30000,3,High School,Skilled Manual,No,2,1-2 Miles,Pacific,56,Yes
187,18151,Male,Single,80000,5,Partial College,Professional,No,2,10+ Miles,Europe,59,No
188,20606,Female,Married,70000,0,Bachelors,Professional,Yes,4,10+ Miles,Pacific,32,Yes
189,19482,Male,Married,30000,1,Partial College,Clerical,Yes,1,0-1 Miles,Europe,44,Yes
190,16489,Male,Married,30000,3,High School,Skilled Manual,Yes,2,5-10 Miles,Pacific,55,No
191,26944,Male,Single,60000,2,High School,Manual,Yes,0,0-1 Miles,Europe,36,Yes
192,15682,Female,Single,80000,5,Bachelors,Management,Yes,2,10+ Miles,Europe,62,No
193,26032,Female,Married,70000,5,Bachelors,Professional,Yes,4,10+ Miles,Pacific,41,No
194,17843,Female,Single,10000,0,Partial High School,Manual,No,2,0-1 Miles,Europe,32,No
195,25559,Male,Single,20000,0,Bachelors,Clerical,Yes,0,0-1 Miles,Pacific,25,Yes
196,16209,Female,Single,50000,0,Graduate Degree,Skilled Manual,Yes,1,1-2 Miles,Europe,36,No
197,11147,Male,Married,60000,2,Graduate Degree,Management,Yes,1,0-1 Miles,Pacific,67,Yes
198,15214,Female,Single,100000,0,Graduate Degree,Management,No,1,1-2 Miles,Pacific,39,Yes
199,11453,Male,Single,80000,0,Bachelors,Professional,No,3,10+ Miles,Pacific,33,Yes
200,24584,Male,Single,60000,0,Bachelors,Professional,No,3,2-5 Miles,Pacific,31,No
201,12585,Male,Married,10000,1,High School,Manual,Yes,0,2-5 Miles,Pacific,27,Yes
202,18626,Male,Single,40000,2,Partial College,Clerical,Yes,1,1-2 Miles,Europe,33,Yes
203,29298,Female,Single,60000,1,Partial College,Skilled Manual,Yes,1,5-10 Miles,Pacific,46,Yes
204,24842,Female,Single,90000,3,High School,Professional,No,1,2-5 Miles,Europe,51,No
205,15657,Male,Married,30000,3,Graduate Degree,Clerical,Yes,0,0-1 Miles,Europe,46,Yes
206,11415,Male,Single,90000,5,Partial College,Professional,No,2,10+ Miles,Europe,62,No
207,28729,Female,Single,20000,0,Partial High School,Manual,Yes,2,1-2 Miles,Europe,26,Yes
208,22633,Female,Single,40000,0,Graduate Degree,Clerical,Yes,0,0-1 Miles,Europe,37,Yes
209,25649,Female,Single,30000,3,Partial College,Clerical,Yes,0,0-1 Miles,Europe,42,Yes
210,14669,Female,Married,80000,4,Graduate Degree,Management,Yes,1,0-1 Miles,Pacific,36,No
211,19299,Female,Married,50000,0,Graduate Degree,Skilled Manual,Yes,0,0-1 Miles,Europe,36,Yes
212,20946,Female,Single,30000,0,Partial College,Clerical,No,1,2-5 Miles,Europe,30,No
213,11451,Male,Single,70000,0,Bachelors,Professional,No,4,10+ Miles,Pacific,31,Yes
214,25553,Male,Married,30000,1,Bachelors,Clerical,Yes,0,0-1 Miles,Europe,65,Yes
215,27951,Male,Single,80000,4,Partial College,Professional,No,2,2-5 Miles,Europe,54,Yes
216,25026,Male,Married,20000,2,Partial High School,Clerical,Yes,3,5-10 Miles,Pacific,54,No
217,13673,Female,Single,20000,2,Partial High School,Manual,No,2,0-1 Miles,Europe,25,No
218,16043,Male,Single,10000,1,Bachelors,Manual,Yes,0,0-1 Miles,Europe,48,No
219,22399,Male,Single,10000,0,Partial College,Manual,Yes,1,1-2 Miles,Pacific,26,Yes
220,27696,Male,Married,60000,1,Bachelors,Professional,Yes,1,5-10 Miles,Pacific,43,Yes
221,25313,Male,Single,10000,0,Partial High School,Manual,No,2,1-2 Miles,Europe,35,No
222,13813,Female,Married,30000,3,Partial College,Clerical,No,0,0-1 Miles,Europe,42,No
223,18711,Female,Single,70000,5,Bachelors,Professional,Yes,4,10+ Miles,Pacific,39,No
224,19650,Female,Married,30000,2,Partial College,Clerical,No,2,0-1 Miles,Pacific,67,No
225,14135,Male,Married,20000,1,Partial College,Manual,Yes,0,1-2 Miles,Europe,43,No
226,12833,Female,Single,20000,3,High School,Manual,Yes,1,0-1 Miles,Europe,42,Yes
227,26849,Male,Married,10000,3,Partial High School,Manual,Yes,2,0-1 Miles,Europe,43,No
228,20962,Female,Married,20000,1,Graduate Degree,Clerical,Yes,0,0-1 Miles,Europe,45,No
229,28915,Male,Single,80000,5,High School,Management,Yes,3,10+ Miles,Europe,57,No
230,22830,Male,Married,120000,4,Partial College,Management,Yes,3,10+ Miles,Europe,56,No
231,14777,Female,Married,40000,0,Bachelors,Clerical,Yes,0,0-1 Miles,Europe,38,Yes
232,12591,Female,Married,30000,4,Graduate Degree,Clerical,Yes,0,0-1 Miles,Europe,45,No
233,24174,Male,Married,20000,0,Bachelors,Clerical,Yes,0,0-1 Miles,Pacific,27,Yes
234,24611,Male,#NAME?,90000,0,Bachelors,Professional,No,4,10+ Miles,Pacific,35,Yes
235,11340,Female,Married,10000,1,Graduate Degree,Clerical,Yes,0,0-1 Miles,Europe,70,Yes
236,25693,Female,Single,30000,5,Graduate Degree,Clerical,Yes,0,0-1 Miles,Europe,44,Yes
237,25555,Female,Married,10000,0,Partial College,Manual,No,1,0-1 Miles,Pacific,26,Yes
238,22006,Male,Married,70000,5,Partial College,Skilled Manual,Yes,3,5-10 Miles,Pacific,46,No
239,20060,Female,Single,30000,0,High School,Manual,No,1,2-5 Miles,Europe,34,Yes
240,17702,Male,Married,10000,1,Graduate Degree,Manual,Yes,0,0-1 Miles,Europe,37,No
241,12503,Female,Single,30000,3,Partial College,Clerical,Yes,2,0-1 Miles,Europe,27,No
242,23908,Male,Single,30000,1,Bachelors,Clerical,No,1,0-1 Miles,Europe,39,Yes
243,22527,Female,Single,20000,0,High School,Manual,No,1,2-5 Miles,Europe,29,No
244,19057,Female,Married,120000,3,Bachelors,Management,No,2,10+ Miles,Europe,52,Yes
245,18494,Male,Married,110000,5,Bachelors,Management,Yes,4,2-5 Miles,Pacific,48,Yes
246,11249,Female,Married,130000,3,Partial College,Professional,Yes,3,0-1 Miles,Europe,51,Yes
247,21568,Female,Married,100000,0,High School,Management,Yes,4,10+ Miles,Pacific,34,Yes
248,13981,Female,Married,10000,5,High School,Skilled Manual,No,3,1-2 Miles,Pacific,62,No
249,23432,Male,Single,70000,0,Bachelors,Professional,Yes,1,5-10 Miles,Pacific,37,Yes
250,22931,Male,Married,100000,5,Graduate Degree,Management,No,1,1-2 Miles,Pacific,78,Yes
251,18172,Male,Married,130000,4,High School,Professional,Yes,3,0-1 Miles,Europe,55,No
252,12666,Male,Single,60000,0,Bachelors,Professional,No,4,2-5 Miles,Pacific,31,No
253,20598,Male,Married,100000,3,Partial High School,Professional,Yes,0,10+ Miles,Europe,59,Yes
254,21375,Male,Single,20000,2,Partial High School,Clerical,Yes,2,5-10 Miles,Pacific,57,No
255,20839,Female,Single,30000,3,Graduate Degree,Clerical,Yes,0,0-1 Miles,Europe,47,Yes
256,21738,Male,Married,20000,1,Graduate Degree,Clerical,Yes,0,0-1 Miles,Europe,43,No
257,14164,Female,Single,50000,0,Graduate Degree,Skilled Manual,Yes,0,0-1 Miles,Europe,36,Yes
258,14193,Female,Single,100000,3,Partial College,Management,Yes,4,10+ Miles,Europe,56,No
259,12705,Male,Married,150000,0,Bachelors,Management,Yes,4,0-1 Miles,Pacific,37,Yes
260,22672,Female,Single,30000,2,Partial College,Clerical,Yes,0,0-1 Miles,Europe,43,No
261,26219,Female,Married,40000,1,Bachelors,Skilled Manual,Yes,1,1-2 Miles,Europe,33,Yes
262,28468,Female,Married,10000,2,Partial College,Manual,Yes,0,1-2 Miles,Europe,51,No
263,23419,Female,Single,70000,5,Bachelors,Professional,Yes,3,10+ Miles,Pacific,39,No
264,17964,Male,Married,40000,0,Graduate Degree,Clerical,Yes,0,0-1 Miles,Europe,37,Yes
265,20919,Female,Single,30000,2,Partial College,Clerical,Yes,2,0-1 Miles,Europe,42,No
266,20927,Female,Single,20000,5,High School,Manual,Yes,2,0-1 Miles,Europe,27,No
267,13133,Male,Single,100000,5,Bachelors,Professional,Yes,1,5-10 Miles,Pacific,47,Yes
268,19626,Male,Married,70000,5,Partial College,Skilled Manual,Yes,3,5-10 Miles,Pacific,45,No
269,21039,Female,Single,50000,0,Graduate Degree,Skilled Manual,No,0,0-1 Miles,Europe,37,Yes
270,12231,Female,Single,10000,2,Partial College,Manual,Yes,0,0-1 Miles,Europe,51,Yes
271,25665,Female,Single,20000,0,High School,Manual,No,1,1-2 Miles,Europe,28,No
272,24061,Male,Married,10000,4,Partial High School,Manual,Yes,1,0-1 Miles,Europe,40,Yes
273,26879,Female,Single,20000,0,High School,Manual,No,1,2-5 Miles,Europe,30,No
274,12284,Female,Married,30000,0,Bachelors,Clerical,No,0,0-1 Miles,Europe,36,Yes
275,26654,Female,Married,90000,1,Graduate Degree,Management,Yes,0,0-1 Miles,Pacific,37,Yes
276,14545,Female,Married,10000,2,Partial College,Manual,Yes,0,1-2 Miles,Europe,49,No
277,24201,Female,Married,10000,2,High School,Manual,Yes,0,0-1 Miles,Europe,37,Yes
278,20625,Male,Married,100000,0,High School,Management,Yes,3,10+ Miles,Pacific,35,Yes
279,16390,Male,Single,30000,1,Bachelors,Clerical,No,0,0-1 Miles,Europe,38,Yes
280,14804,Female,Single,10000,3,Partial High School,Manual,Yes,2,0-1 Miles,Europe,43,No
281,12629,Male,Single,20000,1,Partial College,Manual,No,0,0-1 Miles,Europe,37,No
282,14696,Male,Single,10000,0,Partial High School,Manual,No,2,0-1 Miles,Europe,34,No
283,22005,Female,Married,70000,5,Partial College,Skilled Manual,No,3,5-10 Miles,Pacific,46,No
284,14544,Male,Single,10000,1,Partial College,Manual,Yes,0,0-1 Miles,Europe,49,No
285,14312,Female,Married,60000,1,Partial College,Skilled Manual,Yes,1,5-10 Miles,Pacific,45,No
286,29120,Female,Single,100000,1,Bachelors,Management,Yes,4,2-5 Miles,Pacific,48,No
287,24187,Female,Single,30000,3,Graduate Degree,Clerical,No,0,0-1 Miles,Europe,46,Yes
288,15758,Male,Married,130000,0,Graduate Degree,Management,Yes,0,5-10 Miles,Pacific,48,No
289,29094,Male,Married,30000,3,High School,Skilled Manual,Yes,2,5-10 Miles,Pacific,54,Yes
290,28319,Female,Single,60000,1,Partial College,Skilled Manual,No,1,0-1 Miles,Pacific,46,Yes
291,16406,Male,Married,40000,0,Bachelors,Clerical,No,0,0-1 Miles,Europe,38,Yes
292,20923,Female,Married,40000,1,Bachelors,Skilled Manual,Yes,0,0-1 Miles,Europe,42,Yes
293,11378,Female,Single,10000,1,High School,Manual,No,1,2-5 Miles,Europe,46,Yes
294,20851,Male,Single,20000,0,Partial College,Manual,No,1,2-5 Miles,Europe,36,Yes
295,21557,Female,Single,110000,0,Partial College,Management,Yes,3,10+ Miles,Pacific,32,Yes
296,26663,Female,Single,60000,2,Bachelors,Professional,No,1,0-1 Miles,Pacific,39,Yes
297,11896,Male,Married,100000,1,Graduate Degree,Management,Yes,0,2-5 Miles,Pacific,36,Yes
298,14189,Female,Married,90000,4,High School,Professional,No,2,2-5 Miles,Europe,54,Yes
299,13136,Female,Married,30000,2,Partial College,Clerical,No,2,5-10 Miles,Pacific,69,No
300,25906,Female,Single,10000,5,High School,Skilled Manual,No,2,1-2 Miles,Pacific,62,No
301,17926,Male,#NAME?,60000,0,Bachelors,Clerical,No,0,0-1 Miles,Pacific,28,Yes
302,26928,Male,Single,30000,1,Bachelors,Clerical,Yes,0,0-1 Miles,Europe,62,Yes
303,20897,Female,Married,30000,1,Bachelors,Skilled Manual,Yes,2,0-1 Miles,Europe,40,No
304,28207,Male,Married,80000,4,Graduate Degree,Management,Yes,1,0-1 Miles,Pacific,36,Yes
305,25923,Male,Single,10000,2,Partial High School,Clerical,Yes,2,5-10 Miles,Pacific,58,No
306,11000,Male,Married,90000,2,Bachelors,Professional,Yes,0,1-2 Miles,Pacific,40,Yes
307,20974,Male,Married,10000,2,Bachelors,Clerical,Yes,1,0-1 Miles,Europe,66,No
308,28758,Male,Married,40000,2,Partial College,Clerical,Yes,1,1-2 Miles,Europe,35,Yes
309,11381,Female,Married,20000,2,Partial College,Manual,Yes,1,2-5 Miles,Europe,47,Yes
310,17522,Male,Married,120000,4,Bachelors,Management,Yes,1,2-5 Miles,Pacific,47,No
311,21207,Male,Married,60000,1,Partial College,Skilled Manual,Yes,1,5-10 Miles,Pacific,46,No
312,28102,Male,Married,20000,4,High School,Skilled Manual,Yes,2,5-10 Miles,Pacific,58,Yes
313,23105,Male,Single,40000,3,Partial High School,Clerical,No,2,5-10 Miles,Pacific,52,Yes
314,18740,Male,Married,80000,5,Bachelors,Professional,No,1,0-1 Miles,Pacific,47,Yes
315,21213,Male,Single,70000,0,Bachelors,Professional,No,1,5-10 Miles,Pacific,41,No
316,17352,Male,Married,50000,2,Graduate Degree,Management,Yes,1,5-10 Miles,Pacific,64,Yes
317,14154,Male,Married,30000,0,Bachelors,Clerical,Yes,0,0-1 Miles,Europe,35,Yes
318,19066,Male,Married,130000,4,Partial College,Professional,No,3,10+ Miles,Europe,54,No
319,11386,Female,Married,30000,3,Bachelors,Clerical,Yes,0,0-1 Miles,Europe,45,No
320,20228,Male,Married,100000,0,Graduate Degree,Management,Yes,0,2-5 Miles,Pacific,40,Yes
321,16675,Female,Single,160000,0,Graduate Degree,Management,No,3,0-1 Miles,Pacific,47,Yes
322,16410,Female,Single,10000,4,Partial High School,Manual,Yes,2,0-1 Miles,Europe,41,Yes
323,27760,Female,Single,40000,0,Graduate Degree,Clerical,No,0,0-1 Miles,Europe,37,Yes
324,22930,Male,Married,90000,4,Bachelors,Professional,Yes,0,1-2 Miles,Pacific,38,Yes
325,23780,Male,Single,40000,2,Partial College,Clerical,No,2,0-1 Miles,Europe,36,Yes
326,20994,Female,Married,20000,0,Bachelors,Clerical,No,0,0-1 Miles,Pacific,26,Yes
327,28379,Male,Married,30000,1,Bachelors,Skilled Manual,Yes,2,0-1 Miles,Europe,40,No
328,14865,Male,Single,40000,2,Partial College,Clerical,Yes,2,1-2 Miles,Europe,36,No
329,12663,Female,Married,90000,5,Partial High School,Skilled Manual,Yes,2,10+ Miles,Europe,59,No
330,24898,Female,Single,80000,0,Bachelors,Professional,Yes,3,10+ Miles,Pacific,32,No
331,19508,Male,Married,10000,0,Partial High School,Manual,No,2,0-1 Miles,Europe,30,No
332,11489,Female,Single,20000,0,Partial High School,Manual,No,2,1-2 Miles,Europe,35,Yes
333,18160,Male,Married,130000,3,High School,Professional,Yes,4,5-10 Miles,Europe,51,Yes
334,25241,Male,Married,90000,2,Bachelors,Professional,Yes,1,5-10 Miles,Pacific,47,No
335,24369,Male,Married,80000,5,Graduate Degree,Management,No,2,0-1 Miles,Pacific,39,No
336,27165,Male,Single,20000,0,Partial High School,Manual,No,2,0-1 Miles,Europe,34,No
337,29424,Male,Married,10000,0,Partial High School,Manual,Yes,2,0-1 Miles,Europe,32,No
338,15926,Female,Single,120000,3,High School,Professional,Yes,4,5-10 Miles,Europe,50,Yes
339,14554,Male,Married,20000,1,Bachelors,Clerical,Yes,0,0-1 Miles,Europe,66,No
340,16468,Male,Single,30000,0,Partial College,Clerical,Yes,1,2-5 Miles,Europe,30,No
341,19174,Female,Single,30000,0,High School,Manual,No,1,2-5 Miles,Europe,32,Yes
342,19183,Male,Single,10000,0,Partial High School,Manual,Yes,2,1-2 Miles,Europe,35,No
343,13683,Female,Single,30000,0,High School,Manual,No,1,2-5 Miles,Europe,32,No
344,17848,Male,Single,30000,0,Partial College,Clerical,No,1,2-5 Miles,Europe,31,Yes
345,17894,Female,Married,20000,1,Bachelors,Clerical,Yes,0,0-1 Miles,Europe,50,Yes
346,25651,Male,Married,40000,1,Bachelors,Skilled Manual,No,0,0-1 Miles,Europe,43,Yes
347,22936,Female,Single,60000,1,Partial College,Skilled Manual,No,1,0-1 Miles,Pacific,45,Yes
348,23915,Male,Married,20000,2,High School,Manual,Yes,2,0-1 Miles,Europe,42,No
349,24121,Female,Single,30000,0,Partial College,Clerical,No,1,0-1 Miles,Europe,29,Yes
350,27878,Male,Single,20000,0,Partial College,Manual,No,0,0-1 Miles,Pacific,28,Yes
351,13572,Male,Single,10000,3,High School,Manual,Yes,1,0-1 Miles,Europe,37,Yes
352,27941,Female,Married,80000,4,Partial College,Professional,Yes,2,2-5 Miles,Europe,53,No
353,26354,Male,Single,40000,0,Graduate Degree,Clerical,No,0,0-1 Miles,Europe,38,Yes
354,14785,Male,Single,30000,1,Bachelors,Clerical,No,1,1-2 Miles,Europe,39,No
355,17238,Male,Single,80000,0,Bachelors,Professional,Yes,3,10+ Miles,Pacific,32,No
356,23608,Female,Married,150000,3,High School,Professional,Yes,3,0-1 Miles,Europe,51,Yes
357,22538,Female,Single,10000,0,Partial High School,Manual,Yes,2,1-2 Miles,Europe,33,No
358,12332,Male,Married,90000,4,High School,Management,Yes,3,5-10 Miles,Europe,58,Yes
359,17230,Male,Married,80000,0,Bachelors,Professional,Yes,3,10+ Miles,Pacific,30,No
360,13082,Male,Single,130000,0,Graduate Degree,Management,Yes,0,2-5 Miles,Pacific,48,Yes
361,22518,Female,Single,30000,3,Partial College,Clerical,No,2,0-1 Miles,Europe,27,Yes
362,13687,Male,Married,40000,1,Bachelors,Skilled Manual,Yes,1,0-1 Miles,Europe,33,Yes
363,23571,Female,Married,40000,2,Bachelors,Management,Yes,2,0-1 Miles,Pacific,66,Yes
364,19305,Female,Single,10000,2,High School,Manual,Yes,1,0-1 Miles,Europe,38,Yes
365,22636,Female,Single,40000,0,Bachelors,Clerical,Yes,0,0-1 Miles,Europe,38,Yes
366,17310,Male,Married,60000,1,Partial College,Skilled Manual,Yes,1,0-1 Miles,Pacific,45,Yes
367,12133,Female,Married,130000,3,Partial College,Professional,Yes,3,5-10 Miles,Europe,50,Yes
368,25918,Female,Single,30000,2,Partial College,Clerical,No,2,5-10 Miles,Pacific,60,Yes
369,25752,Female,Single,20000,2,Partial College,Manual,No,1,0-1 Miles,Europe,53,Yes
370,17324,Female,Married,100000,4,Bachelors,Professional,Yes,1,10+ Miles,Pacific,46,No
371,22918,Male,Single,80000,5,Graduate Degree,Management,Yes,3,0-1 Miles,Pacific,43,No
372,12510,Male,Married,40000,1,Bachelors,Skilled Manual,Yes,1,0-1 Miles,Europe,43,Yes
373,25512,Male,Single,20000,0,High School,Manual,No,1,2-5 Miles,Europe,30,No
374,16179,Female,Single,80000,5,Bachelors,Professional,Yes,4,1-2 Miles,Pacific,38,No
375,15628,Female,Married,40000,1,Bachelors,Skilled Manual,Yes,1,0-1 Miles,Europe,89,No
376,20977,Male,Married,20000,1,Bachelors,Clerical,Yes,0,0-1 Miles,Europe,64,Yes
377,18140,Male,Married,130000,3,Partial College,Professional,No,3,5-10 Miles,Europe,51,Yes
378,20417,Male,Married,30000,3,Partial College,Clerical,No,2,5-10 Miles,Pacific,56,No
379,18267,Male,Married,60000,3,Bachelors,Professional,Yes,2,5-10 Miles,Pacific,43,No
380,13620,Male,Single,70000,0,Bachelors,Professional,No,3,10+ Miles,Pacific,30,Yes
381,22974,Female,Married,30000,2,Partial College,Clerical,Yes,2,5-10 Miles,Pacific,69,No
382,13586,Male,Married,80000,4,Partial College,Professional,Yes,2,10+ Miles,Europe,53,No
383,17978,Male,Married,40000,0,Graduate Degree,Clerical,Yes,0,0-1 Miles,Europe,37,Yes
384,12581,Female,Single,10000,0,Partial College,Manual,No,1,0-1 Miles,Pacific,28,Yes
385,18018,Male,Single,30000,3,Partial College,Clerical,Yes,0,0-1 Miles,Europe,43,No
386,28957,Female,Single,120000,2,Partial High School,Professional,Yes,4,10+ Miles,Pacific,34,Yes
387,13690,Female,Single,20000,0,Partial High School,Manual,No,2,1-2 Miles,Europe,34,Yes
388,12568,Female,Married,30000,1,Bachelors,Clerical,Yes,0,0-1 Miles,Europe,64,No
389,13122,Female,Married,80000,0,Bachelors,Professional,Yes,1,1-2 Miles,Pacific,41,Yes
390,21184,Male,Single,70000,0,Bachelors,Professional,No,1,5-10 Miles,Pacific,38,No
391,26150,Female,Single,70000,0,Bachelors,Professional,No,1,0-1 Miles,Pacific,41,Yes
392,24151,Male,Single,20000,1,Bachelors,Clerical,No,0,0-1 Miles,Europe,51,No
393,23962,Female,Married,10000,0,Partial High School,Manual,Yes,2,1-2 Miles,Europe,32,No
394,17793,Female,Married,40000,0,Bachelors,Clerical,Yes,0,0-1 Miles,Europe,38,Yes
395,14926,Male,Married,30000,1,Bachelors,Clerical,Yes,0,0-1 Miles,Europe,38,Yes
396,16163,Male,Single,60000,2,Bachelors,Professional,Yes,1,2-5 Miles,Pacific,38,Yes
397,21365,Female,Married,10000,2,Partial High School,Clerical,Yes,2,5-10 Miles,Pacific,58,No
398,27771,Male,Single,30000,1,Bachelors,Clerical,Yes,1,1-2 Miles,Europe,39,Yes
399,26167,Female,Single,40000,2,Bachelors,Management,No,1,5-10 Miles,Pacific,53,Yes
400,25792,Female,Single,110000,3,Bachelors,Management,Yes,4,10+ Miles,Europe,53,No
401,11555,Female,Married,40000,1,Bachelors,Clerical,Yes,0,0-1 Miles,Europe,80,No
402,22381,Male,Married,10000,1,Graduate Degree,Manual,Yes,0,0-1 Miles,Europe,44,No
403,17882,Male,Married,20000,1,Graduate Degree,Clerical,Yes,0,0-1 Miles,Europe,44,No
404,22174,Male,Married,30000,3,High School,Skilled Manual,Yes,2,5-10 Miles,Pacific,54,Yes
405,22439,Female,Married,30000,0,Bachelors,Clerical,Yes,0,0-1 Miles,Europe,37,Yes
406,18012,Female,Married,40000,1,Bachelors,Skilled Manual,Yes,0,0-1 Miles,Europe,41,No
407,27582,Female,Single,90000,2,Bachelors,Professional,No,0,0-1 Miles,Pacific,36,Yes
408,12744,Female,Single,40000,2,Partial College,Clerical,Yes,0,0-1 Miles,Europe,33,No
409,22821,Female,Married,130000,3,Partial College,Professional,Yes,4,0-1 Miles,Europe,52,No
410,20171,Female,Married,20000,2,Partial College,Manual,Yes,1,0-1 Miles,Europe,46,Yes
411,11116,Male,Married,70000,5,Partial College,Skilled Manual,Yes,2,5-10 Miles,Pacific,43,No
412,20053,Male,Single,40000,2,Partial College,Clerical,Yes,0,0-1 Miles,Europe,34,No
413,25266,Female,Single,30000,2,Partial College,Clerical,No,2,5-10 Miles,Pacific,67,No
414,17960,Female,Married,40000,0,Graduate Degree,Clerical,Yes,0,0-1 Miles,Europe,35,Yes
415,13961,Female,Married,80000,5,Graduate Degree,Management,Yes,3,0-1 Miles,Pacific,40,No
416,11897,Male,Single,60000,2,Bachelors,Professional,No,1,0-1 Miles,Pacific,37,Yes
417,11139,Female,Single,30000,2,Partial College,Clerical,No,2,5-10 Miles,Pacific,67,No
418,11576,Male,Married,30000,1,Bachelors,Skilled Manual,Yes,2,0-1 Miles,Europe,41,Yes
419,19255,Male,Single,10000,2,Partial College,Manual,Yes,1,0-1 Miles,Europe,51,Yes
420,18153,Female,Married,100000,2,Bachelors,Management,Yes,4,10+ Miles,Europe,59,No
421,14547,Male,Married,10000,2,Partial College,Manual,Yes,0,1-2 Miles,Europe,51,No
422,24901,Male,Single,110000,0,Partial College,Management,No,3,10+ Miles,Pacific,32,Yes
423,27169,Male,Single,30000,0,High School,Manual,Yes,1,2-5 Miles,Europe,34,Yes
424,14805,Female,Single,10000,3,Partial High School,Manual,Yes,2,0-1 Miles,Europe,43,No
425,15822,Male,Married,40000,2,Bachelors,Management,Yes,2,0-1 Miles,Pacific,67,No
426,19389,Male,Single,30000,0,Partial College,Clerical,No,1,2-5 Miles,Europe,28,No
427,17048,Female,Single,90000,1,Graduate Degree,Management,Yes,0,0-1 Miles,Pacific,36,Yes
428,22204,Male,Married,110000,4,Bachelors,Management,Yes,3,2-5 Miles,Pacific,48,No
429,12718,Female,Single,30000,0,Partial College,Clerical,Yes,1,2-5 Miles,Europe,31,No
430,15019,Female,Single,30000,3,High School,Skilled Manual,Yes,2,5-10 Miles,Pacific,55,No
431,28488,Male,Single,20000,0,Partial College,Manual,Yes,0,0-1 Miles,Pacific,28,Yes
432,21891,Female,Married,110000,0,High School,Management,Yes,3,10+ Miles,Pacific,34,Yes
433,27814,Female,Single,30000,3,Partial College,Clerical,No,1,0-1 Miles,Europe,26,No
434,22175,Female,Married,30000,3,High School,Skilled Manual,Yes,2,5-10 Miles,Pacific,53,Yes
435,29447,Female,Single,10000,2,Bachelors,Clerical,No,1,2-5 Miles,Europe,68,No
436,19784,Female,Married,80000,2,High School,Skilled Manual,Yes,2,5-10 Miles,Pacific,50,Yes
437,27824,Female,Single,30000,3,Partial College,Clerical,Yes,2,0-1 Miles,Europe,28,Yes
438,24093,Female,Single,80000,0,Graduate Degree,Skilled Manual,No,0,0-1 Miles,Europe,40,Yes
439,19618,Male,Married,70000,5,Partial College,Skilled Manual,Yes,2,0-1 Miles,Pacific,44,No
440,21561,Male,Single,90000,0,Bachelors,Professional,No,3,10+ Miles,Pacific,34,Yes
441,11061,Male,Married,60000,2,Partial College,Skilled Manual,Yes,2,5-10 Miles,Pacific,52,Yes
442,26651,Male,Single,80000,4,Graduate Degree,Management,Yes,0,0-1 Miles,Pacific,36,Yes
443,21108,Female,Married,40000,1,Bachelors,Skilled Manual,Yes,1,0-1 Miles,Europe,43,Yes
444,12731,Male,Single,30000,0,High School,Manual,No,1,1-2 Miles,Europe,32,No
445,25307,Female,Married,40000,1,Bachelors,Skilled Manual,Yes,1,1-2 Miles,Europe,32,Yes
446,14278,Female,Married,130000,0,Graduate Degree,Management,Yes,1,10+ Miles,Pacific,48,No
447,20711,Female,Married,40000,1,Bachelors,Skilled Manual,Yes,0,1-2 Miles,Europe,32,Yes
448,11383,Female,Married,30000,3,Graduate Degree,Clerical,Yes,1,0-1 Miles,Europe,46,No
449,12497,Female,Married,40000,1,Bachelors,Skilled Manual,Yes,0,0-1 Miles,Europe,42,No
450,16559,Female,Single,10000,2,High School,Manual,Yes,0,0-1 Miles,Europe,36,Yes
451,11585,Female,Married,40000,1,Bachelors,Skilled Manual,Yes,0,0-1 Miles,Europe,41,No
452,20277,Female,Married,30000,2,Partial College,Clerical,No,2,0-1 Miles,Pacific,69,No
453,26765,Female,Single,70000,5,Partial College,Skilled Manual,Yes,2,5-10 Miles,Pacific,45,No
454,12389,Male,Single,30000,0,High School,Manual,No,1,2-5 Miles,Europe,34,No
455,13585,Female,Married,80000,4,Partial College,Professional,No,1,2-5 Miles,Europe,53,Yes
456,26385,Male,Single,120000,3,High School,Professional,No,4,5-10 Miles,Europe,50,No
457,12236,Female,Married,20000,1,Partial College,Manual,Yes,0,0-1 Miles,Europe,65,No
458,21560,Male,Married,120000,0,Partial High School,Professional,Yes,4,10+ Miles,Pacific,32,Yes
459,21554,Female,Single,80000,0,Bachelors,Professional,No,3,10+ Miles,Pacific,33,No
460,13662,Male,Single,20000,0,Partial High School,Manual,Yes,2,1-2 Miles,Europe,31,Yes
461,13089,Female,Married,120000,1,Bachelors,Management,Yes,2,0-1 Miles,Pacific,46,Yes
462,14791,Female,Married,40000,0,Bachelors,Clerical,Yes,0,0-1 Miles,Europe,39,Yes
463,19331,Male,Single,20000,2,High School,Manual,Yes,1,0-1 Miles,Europe,40,No
464,17754,Female,Single,30000,3,Bachelors,Clerical,Yes,0,0-1 Miles,Europe,46,Yes
465,11149,Male,Married,40000,2,Bachelors,Management,Yes,2,0-1 Miles,Pacific,65,No
466,16549,Female,Single,30000,3,Bachelors,Clerical,Yes,0,0-1 Miles,Europe,47,Yes
467,24305,Male,Single,100000,1,Bachelors,Management,No,3,0-1 Miles,Pacific,46,Yes
468,18253,Female,Married,80000,5,Graduate Degree,Management,Yes,3,0-1 Miles,Pacific,40,No
469,20147,Female,Married,30000,1,Bachelors,Clerical,Yes,0,0-1 Miles,Europe,65,No
470,15612,Male,Single,30000,0,High School,Manual,No,1,1-2 Miles,Europe,28,No
471,28323,Male,Single,70000,0,Bachelors,Professional,No,2,5-10 Miles,Pacific,43,Yes
472,22634,Female,Single,40000,0,Graduate Degree,Clerical,Yes,0,0-1 Miles,Europe,38,Yes
473,15665,Female,Married,30000,0,Bachelors,Clerical,Yes,0,0-1 Miles,Europe,47,Yes
474,27585,Female,Married,90000,2,Bachelors,Professional,No,0,0-1 Miles,Pacific,36,Yes
475,19748,Male,Married,20000,4,High School,Skilled Manual,No,2,1-2 Miles,Pacific,60,No
476,21974,Female,Single,70000,0,Bachelors,Professional,Yes,1,5-10 Miles,Pacific,42,Yes
477,14032,Male,Married,70000,2,High School,Skilled Manual,No,2,1-2 Miles,Pacific,50,Yes
478,22610,Male,Married,30000,0,Bachelors,Clerical,Yes,0,0-1 Miles,Europe,35,Yes
479,26984,Male,Married,40000,1,Bachelors,Skilled Manual,Yes,1,0-1 Miles,Europe,32,Yes
480,18294,Female,Married,90000,1,Bachelors,Professional,Yes,1,5-10 Miles,Pacific,46,No
481,28564,Female,Single,40000,2,Partial College,Clerical,Yes,0,1-2 Miles,Europe,33,Yes
482,28521,Male,Single,40000,0,Graduate Degree,Clerical,No,0,0-1 Miles,Europe,36,Yes
483,15450,Male,Married,10000,1,Graduate Degree,Clerical,Yes,0,0-1 Miles,Europe,70,No
484,25681,Female,Single,30000,0,Partial College,Clerical,No,1,2-5 Miles,Europe,31,Yes
485,19491,Male,Single,30000,2,Partial College,Clerical,Yes,2,0-1 Miles,Europe,42,No
486,26415,Female,Married,90000,4,Partial High School,Skilled Manual,Yes,4,10+ Miles,Europe,58,No
487,12821,Male,Married,40000,0,Bachelors,Clerical,Yes,0,0-1 Miles,Europe,39,No
488,15629,Female,Single,10000,0,Partial High School,Manual,Yes,2,1-2 Miles,Europe,34,No
489,27835,Male,Married,20000,0,Partial High School,Manual,Yes,2,0-1 Miles,Europe,32,No
490,11738,Male,Married,60000,4,Bachelors,Professional,Yes,0,2-5 Miles,North America,46,No
491,25065,Male,Married,70000,2,Partial High School,Skilled Manual,Yes,2,5-10 Miles,North America,48,No
492,26238,Female,Single,40000,3,Partial College,Clerical,Yes,1,1-2 Miles,North America,31,Yes
493,23707,Male,Single,70000,5,Bachelors,Management,Yes,3,10+ Miles,North America,60,Yes
494,27650,Male,Married,70000,4,High School,Professional,Yes,0,5-10 Miles,North America,51,No
495,24981,Male,Married,60000,2,Partial College,Professional,Yes,2,10+ Miles,North America,56,No
496,20678,Female,Single,60000,3,Bachelors,Skilled Manual,Yes,1,2-5 Miles,North America,40,Yes
497,15302,Female,Single,70000,1,Graduate Degree,Professional,Yes,0,2-5 Miles,North America,34,Yes
498,26012,Male,Married,80000,1,Partial College,Skilled Manual,Yes,1,2-5 Miles,North America,48,Yes
499,26575,Female,Single,40000,0,High School,Skilled Manual,No,2,1-2 Miles,North America,31,Yes
500,15559,Male,Married,60000,5,Bachelors,Professional,Yes,1,2-5 Miles,North America,47,No
501,19235,Female,Married,50000,0,Graduate Degree,Skilled Manual,Yes,0,0-1 Miles,North America,34,No
502,15275,Male,Married,40000,0,Partial College,Skilled Manual,Yes,1,5-10 Miles,North America,29,No
503,20339,Female,Married,130000,1,Bachelors,Management,Yes,4,2-5 Miles,North America,44,Yes
504,25405,Male,Married,70000,2,Bachelors,Skilled Manual,Yes,1,2-5 Miles,North America,38,Yes
505,15940,Male,Married,100000,4,Partial College,Professional,Yes,4,0-1 Miles,North America,40,No
506,25074,Female,Married,70000,4,Bachelors,Professional,Yes,2,2-5 Miles,North America,42,Yes
507,24738,Female,Married,40000,1,Partial College,Clerical,Yes,1,1-2 Miles,North America,51,Yes
508,16337,Male,Married,60000,0,Partial College,Skilled Manual,No,2,1-2 Miles,North America,29,No
509,24357,Male,Married,60000,3,Bachelors,Professional,Yes,1,2-5 Miles,North America,48,Yes
510,18613,Male,Single,70000,0,Bachelors,Professional,No,1,2-5 Miles,North America,37,Yes
511,12207,Male,Single,80000,4,Bachelors,Management,Yes,1,5-10 Miles,North America,66,Yes
512,18052,Female,Married,60000,1,Partial College,Skilled Manual,Yes,1,0-1 Miles,North America,45,Yes
513,13353,Female,Single,60000,4,Graduate Degree,Management,Yes,2,10+ Miles,North America,61,Yes
514,19399,Male,Single,40000,0,Bachelors,Professional,No,1,2-5 Miles,North America,45,No
515,16154,Female,Married,70000,5,Bachelors,Professional,Yes,2,2-5 Miles,North America,47,No
516,22219,Female,Married,60000,2,High School,Professional,Yes,2,5-10 Miles,North America,49,No
517,17269,Male,Single,60000,3,Bachelors,Professional,No,0,0-1 Miles,North America,47,Yes
518,23586,Female,Married,80000,0,Bachelors,Management,Yes,1,1-2 Miles,North America,34,Yes
519,15740,Male,Married,80000,5,Bachelors,Management,Yes,2,1-2 Miles,North America,64,No
520,27638,Male,Single,100000,1,Partial College,Professional,No,3,1-2 Miles,North America,44,No
521,18976,Male,Single,40000,4,High School,Professional,Yes,2,10+ Miles,North America,62,Yes
522,19413,Male,Single,60000,3,Bachelors,Professional,No,1,0-1 Miles,North America,47,Yes
523,13283,Male,Married,80000,3,Partial College,Professional,No,2,0-1 Miles,North America,49,Yes
524,17471,Female,Single,80000,4,Graduate Degree,Management,Yes,2,5-10 Miles,North America,67,No
525,16791,Male,Single,60000,5,Bachelors,Management,Yes,3,10+ Miles,North America,59,Yes
526,15382,Female,Married,110000,1,Bachelors,Management,Yes,2,1-2 Miles,North America,44,No
527,11641,Male,Married,50000,1,Bachelors,Skilled Manual,Yes,0,0-1 Miles,North America,36,No
528,11935,Female,Single,30000,0,Partial College,Skilled Manual,Yes,1,5-10 Miles,North America,28,No
529,13233,Male,Married,60000,2,Partial College,Professional,Yes,1,10+ Miles,North America,57,Yes
530,25909,Male,Married,60000,0,Partial College,Skilled Manual,Yes,1,5-10 Miles,North America,27,Yes
531,14092,Male,Single,30000,0,Partial High School,Clerical,Yes,2,5-10 Miles,North America,28,No
532,29143,Female,Single,60000,1,Bachelors,Professional,No,1,0-1 Miles,North America,44,Yes
533,24941,Male,Married,60000,3,Bachelors,Management,Yes,2,10+ Miles,North America,66,No
534,24637,Male,Married,40000,4,High School,Professional,Yes,2,10+ Miles,North America,64,No
535,23893,Male,Married,50000,3,Bachelors,Skilled Manual,Yes,3,10+ Miles,North America,41,No
536,13907,Female,Single,80000,3,Bachelors,Skilled Manual,Yes,1,0-1 Miles,North America,41,Yes
537,14900,Female,Married,40000,1,Partial College,Clerical,Yes,1,1-2 Miles,North America,49,Yes
538,11262,Female,Married,80000,4,Bachelors,Management,Yes,0,0-1 Miles,North America,42,No
539,22294,Female,Single,70000,0,Bachelors,Professional,No,1,2-5 Miles,North America,37,Yes
540,12195,Female,Single,70000,3,Graduate Degree,Management,Yes,2,1-2 Miles,North America,52,No
541,25375,Male,Married,50000,1,Graduate Degree,Skilled Manual,Yes,0,1-2 Miles,North America,34,No
542,11143,Male,Married,40000,0,High School,Skilled Manual,Yes,2,5-10 Miles,North America,29,No
543,25898,Female,Married,70000,2,High School,Professional,Yes,2,2-5 Miles,North America,53,No
544,24397,Male,Single,120000,2,Bachelors,Management,No,4,1-2 Miles,North America,40,No
545,19758,Male,Single,60000,0,Partial College,Skilled Manual,No,2,1-2 Miles,North America,29,No
546,15529,Male,Married,60000,4,Bachelors,Professional,Yes,2,2-5 Miles,North America,43,Yes
547,19884,Male,Married,60000,2,High School,Professional,Yes,2,2-5 Miles,North America,55,Yes
548,18674,Female,Single,80000,4,Graduate Degree,Skilled Manual,No,0,0-1 Miles,North America,48,No
549,13453,Female,Married,130000,2,Bachelors,Management,Yes,3,0-1 Miles,North America,45,Yes
550,14063,Female,Single,70000,0,Bachelors,Professional,No,1,0-1 Miles,Pacific,42,Yes
551,27393,Female,Married,50000,4,Bachelors,Management,Yes,2,10+ Miles,North America,63,No
552,14417,Male,Single,60000,3,High School,Professional,Yes,2,10+ Miles,North America,54,Yes
553,17533,Male,Married,40000,3,Partial College,Professional,No,2,5-10 Miles,North America,73,Yes
554,18580,Female,Married,60000,2,Graduate Degree,Professional,Yes,0,2-5 Miles,North America,43,Yes
555,17025,Male,Single,50000,0,Partial College,Skilled Manual,No,1,2-5 Miles,North America,39,Yes
556,25293,Male,Married,80000,4,Bachelors,Management,Yes,0,1-2 Miles,North America,42,No
557,24725,Female,Married,40000,3,Partial College,Clerical,Yes,0,1-2 Miles,North America,31,No
558,23200,Female,Married,50000,3,Bachelors,Skilled Manual,Yes,2,0-1 Miles,North America,41,No
559,15895,Female,Single,60000,2,Bachelors,Management,Yes,0,10+ Miles,North America,58,No
560,18577,Female,Married,60000,0,Graduate Degree,Professional,Yes,0,0-1 Miles,North America,40,No
561,27218,Female,Married,20000,2,Partial High School,Clerical,No,1,0-1 Miles,North America,48,No
562,18560,Female,Married,70000,2,Graduate Degree,Professional,Yes,0,2-5 Miles,North America,34,Yes
563,25006,Female,Single,30000,0,Partial College,Skilled Manual,Yes,1,5-10 Miles,North America,28,No
564,17369,Male,Single,30000,0,Partial College,Skilled Manual,Yes,1,5-10 Miles,North America,27,No
565,14495,Male,Married,40000,3,Partial College,Professional,No,2,5-10 Miles,North America,54,Yes
566,18847,Female,Married,60000,2,Graduate Degree,Management,Yes,2,5-10 Miles,North America,70,No
567,14754,Male,Married,40000,1,Partial College,Clerical,Yes,1,1-2 Miles,North America,48,Yes
568,23378,Male,Married,70000,1,Partial College,Skilled Manual,Yes,1,2-5 Miles,North America,44,Yes
569,26452,Male,Single,50000,3,Graduate Degree,Management,Yes,2,10+ Miles,North America,69,No
570,20370,Male,Married,70000,3,Partial High School,Skilled Manual,Yes,2,5-10 Miles,North America,52,No
571,20528,Male,Married,40000,2,Partial High School,Skilled Manual,Yes,2,2-5 Miles,North America,55,No
572,23549,Male,Single,30000,0,High School,Skilled Manual,Yes,2,5-10 Miles,North America,30,No
573,21751,Male,Married,60000,3,Graduate Degree,Management,Yes,2,1-2 Miles,North America,63,No
574,21266,Female,Single,80000,0,Bachelors,Management,Yes,1,1-2 Miles,North America,34,Yes
575,13388,Male,Single,60000,2,Partial College,Professional,Yes,1,10+ Miles,North America,56,No
576,18752,Female,Single,40000,0,High School,Skilled Manual,Yes,1,5-10 Miles,North America,31,No
577,16917,Male,Married,120000,1,Bachelors,Management,Yes,4,0-1 Miles,North America,38,No
578,15313,Male,Married,60000,4,Bachelors,Management,Yes,2,2-5 Miles,North America,59,No
579,25329,Female,Single,40000,3,Partial College,Clerical,No,2,0-1 Miles,North America,32,No
580,20380,Female,Married,60000,3,Graduate Degree,Management,Yes,2,10+ Miles,North America,69,No
581,23089,Male,Married,40000,0,Partial College,Skilled Manual,Yes,1,5-10 Miles,North America,28,No
582,13749,Male,Married,80000,4,Graduate Degree,Skilled Manual,Yes,0,1-2 Miles,North America,47,No
583,24943,Male,Married,60000,3,Bachelors,Management,Yes,2,10+ Miles,North America,66,No
584,28667,Male,Single,70000,2,Bachelors,Skilled Manual,No,1,0-1 Miles,North America,37,Yes
585,15194,Male,Single,120000,2,Bachelors,Management,No,3,0-1 Miles,North America,39,Yes
586,17436,Male,Married,60000,2,High School,Professional,No,2,1-2 Miles,North America,51,No
587,18935,Female,Married,130000,0,Graduate Degree,Management,Yes,3,1-2 Miles,North America,40,No
588,16871,Female,Married,90000,2,High School,Professional,Yes,1,10+ Miles,North America,51,Yes
589,12100,Male,Single,60000,2,Bachelors,Management,Yes,0,10+ Miles,North America,57,No
590,23158,Female,Married,60000,1,Graduate Degree,Professional,No,0,0-1 Miles,North America,35,Yes
591,18545,Male,Married,40000,4,High School,Professional,No,2,10+ Miles,North America,61,Yes
592,18391,Female,Single,80000,5,Partial College,Professional,Yes,2,5-10 Miles,North America,44,No
593,19812,Female,Single,70000,2,Partial College,Professional,Yes,0,5-10 Miles,North America,49,Yes
594,27660,Male,Married,80000,4,Graduate Degree,Management,Yes,2,5-10 Miles,North America,70,No
595,18058,Female,Single,20000,3,High School,Skilled Manual,Yes,2,2-5 Miles,North America,78,No
596,20343,Female,Married,90000,4,Partial College,Professional,Yes,1,1-2 Miles,North America,45,No
597,28997,Male,Single,40000,2,High School,Professional,No,1,2-5 Miles,North America,58,Yes
598,24398,Male,Married,130000,1,Graduate Degree,Management,Yes,4,0-1 Miles,North America,41,No
599,19002,Female,Married,60000,2,Partial College,Professional,Yes,1,2-5 Miles,North America,57,Yes
600,28609,Male,Married,30000,2,High School,Skilled Manual,No,2,0-1 Miles,North America,49,No
601,29231,Male,Single,80000,4,Partial College,Professional,No,2,0-1 Miles,North America,43,No
602,18858,Male,Single,60000,2,Partial High School,Skilled Manual,Yes,2,5-10 Miles,North America,52,Yes
603,20000,Male,Married,60000,1,Graduate Degree,Professional,Yes,0,0-1 Miles,North America,35,Yes
604,25261,Male,Married,40000,0,High School,Skilled Manual,Yes,2,5-10 Miles,North America,27,No
605,17458,Male,Single,70000,3,High School,Professional,Yes,0,5-10 Miles,North America,52,Yes
606,11644,Male,Single,40000,2,Bachelors,Skilled Manual,Yes,0,2-5 Miles,North America,36,No
607,16145,Female,Single,70000,5,Graduate Degree,Professional,Yes,3,10+ Miles,North America,46,Yes
608,16890,Male,Married,60000,3,Partial High School,Skilled Manual,Yes,2,5-10 Miles,North America,52,Yes
609,25983,Male,Married,70000,0,Bachelors,Professional,No,1,0-1 Miles,North America,43,No
610,14633,Male,Married,60000,1,Partial College,Skilled Manual,Yes,1,2-5 Miles,North America,44,No
611,22994,Female,Married,80000,0,Bachelors,Management,Yes,1,1-2 Miles,North America,34,Yes
612,22983,Female,Single,30000,0,Partial High School,Clerical,Yes,2,5-10 Miles,North America,27,No
613,25184,Male,Single,110000,1,Partial College,Professional,Yes,4,5-10 Miles,North America,45,Yes
614,14469,Female,Married,100000,3,Partial College,Professional,Yes,4,1-2 Miles,North America,45,No
615,11538,Female,Single,60000,4,Graduate Degree,Skilled Manual,No,1,0-1 Miles,North America,47,Yes
616,16245,Female,Single,80000,4,Graduate Degree,Skilled Manual,Yes,0,1-2 Miles,North America,47,No
617,17858,Male,Married,40000,4,High School,Skilled Manual,Yes,2,2-5 Miles,North America,44,Yes
618,25347,Female,Single,20000,3,Partial High School,Clerical,No,2,0-1 Miles,North America,49,No
619,15814,Female,Single,40000,0,High School,Skilled Manual,Yes,1,5-10 Miles,North America,30,No
620,11259,Female,Married,100000,4,Partial College,Professional,Yes,4,2-5 Miles,North America,41,Yes
621,11200,Male,Married,70000,4,Bachelors,Management,Yes,1,1-2 Miles,North America,58,No
622,25101,Male,Married,60000,5,Bachelors,Professional,Yes,1,2-5 Miles,North America,47,No
623,21801,Female,Married,70000,4,Partial College,Professional,Yes,1,1-2 Miles,North America,55,No
624,25943,Female,Single,70000,0,Partial College,Skilled Manual,No,2,0-1 Miles,North America,27,Yes
625,22127,Male,Married,60000,3,Graduate Degree,Management,Yes,2,1-2 Miles,North America,67,No
626,20414,Female,Married,60000,0,Partial College,Skilled Manual,Yes,2,5-10 Miles,North America,29,No
627,23672,Female,Married,60000,3,Graduate Degree,Management,Yes,2,1-2 Miles,North America,67,No
628,29255,Male,Single,80000,3,Partial College,Professional,No,1,1-2 Miles,North America,51,Yes
629,28815,Female,Married,50000,1,Graduate Degree,Skilled Manual,Yes,0,0-1 Miles,North America,35,No
630,27753,Male,Married,40000,0,High School,Skilled Manual,No,2,1-2 Miles,North America,30,No
631,27643,Male,Single,70000,5,Partial College,Professional,Yes,3,2-5 Miles,North America,44,No
632,13754,Female,Single,80000,4,Graduate Degree,Skilled Manual,Yes,0,1-2 Miles,North America,48,No
633,22088,Female,Married,130000,1,Bachelors,Management,Yes,2,0-1 Miles,North America,45,Yes
634,27388,Male,Married,60000,3,Bachelors,Management,No,2,1-2 Miles,North America,66,No
635,24745,Female,Single,30000,2,High School,Skilled Manual,No,2,0-1 Miles,North America,49,No
636,29237,Female,Single,120000,4,Partial College,Professional,Yes,3,5-10 Miles,North America,43,Yes
637,15272,Male,Single,40000,0,High School,Skilled Manual,No,2,1-2 Miles,North America,30,No
638,18949,Male,Single,70000,2,Graduate Degree,Management,Yes,2,5-10 Miles,North America,74,Yes
639,14507,Male,Married,100000,2,Graduate Degree,Management,Yes,3,1-2 Miles,North America,65,No
640,25886,Female,Married,60000,2,Partial College,Professional,Yes,2,2-5 Miles,North America,56,Yes
641,21441,Male,Married,50000,4,Bachelors,Management,Yes,2,10+ Miles,North America,64,No
642,21741,Female,Married,70000,3,Partial College,Professional,Yes,2,5-10 Miles,North America,50,Yes
643,14572,Female,Married,70000,3,Graduate Degree,Professional,Yes,0,2-5 Miles,North America,35,Yes
644,23368,Female,Married,60000,5,Bachelors,Skilled Manual,Yes,3,10+ Miles,North America,41,No
645,16217,Female,Single,60000,0,Graduate Degree,Skilled Manual,Yes,0,0-1 Miles,North America,39,No
646,16247,Female,Single,60000,4,Graduate Degree,Skilled Manual,Yes,0,1-2 Miles,North America,47,No
647,22010,Male,Single,40000,0,High School,Skilled Manual,Yes,2,5-10 Miles,North America,31,No
648,25872,Female,Single,70000,2,Bachelors,Management,No,1,2-5 Miles,North America,58,Yes
649,19164,Female,Single,70000,0,Bachelors,Professional,No,1,2-5 Miles,North America,38,Yes
650,18435,Female,Single,70000,5,Graduate Degree,Management,Yes,2,10+ Miles,North America,67,Yes
651,14284,Male,Single,60000,0,Partial College,Professional,No,2,1-2 Miles,North America,32,Yes
652,11287,Male,Married,70000,5,Partial College,Professional,No,3,5-10 Miles,North America,45,No
653,13066,Male,Single,30000,0,High School,Skilled Manual,No,2,1-2 Miles,North America,31,Yes
654,29106,Male,Single,40000,0,High School,Skilled Manual,No,2,1-2 Miles,North America,31,Yes
655,26236,Female,Married,40000,3,Partial College,Clerical,Yes,1,0-1 Miles,North America,31,No
656,17531,Male,Married,60000,2,High School,Professional,No,2,5-10 Miles,North America,50,No
657,12964,Male,Married,70000,1,Partial College,Skilled Manual,Yes,1,0-1 Miles,North America,44,No
658,19133,Male,Single,50000,2,Bachelors,Skilled Manual,Yes,1,2-5 Miles,North America,38,Yes
659,24643,Female,Single,60000,4,Bachelors,Management,Yes,2,10+ Miles,North America,63,No
660,21599,Female,Married,60000,1,Graduate Degree,Professional,Yes,0,2-5 Miles,North America,36,Yes
661,22976,Male,Single,40000,0,High School,Skilled Manual,No,2,0-1 Miles,North America,28,Yes
662,27637,Female,Single,100000,1,Partial College,Professional,No,3,1-2 Miles,North America,44,No
663,11890,Female,Married,70000,5,Graduate Degree,Professional,Yes,1,0-1 Miles,North America,47,No
664,28580,Female,Married,80000,0,Graduate Degree,Skilled Manual,Yes,0,1-2 Miles,North America,40,Yes
665,14443,Male,Married,130000,1,Graduate Degree,Management,Yes,4,0-1 Miles,North America,40,No
666,17864,Female,Married,60000,1,Partial College,Skilled Manual,Yes,1,2-5 Miles,North America,46,Yes
667,20505,Female,Married,40000,5,High School,Professional,No,2,10+ Miles,North America,61,No
668,14592,Female,Married,60000,0,Graduate Degree,Professional,Yes,0,0-1 Miles,North America,40,No
669,22227,Female,Married,60000,2,High School,Professional,Yes,2,5-10 Miles,North America,50,No
670,21471,Male,Married,70000,2,Partial College,Professional,Yes,1,10+ Miles,North America,59,No
671,22252,Female,Single,60000,1,Graduate Degree,Professional,Yes,0,2-5 Miles,North America,36,Yes
672,21260,Female,Single,40000,0,High School,Skilled Manual,Yes,2,5-10 Miles,North America,30,No
673,11817,Female,Single,70000,4,Graduate Degree,Professional,Yes,0,2-5 Miles,North America,35,Yes
674,19223,Female,Married,30000,2,High School,Skilled Manual,Yes,2,1-2 Miles,North America,48,No
675,18517,Male,Married,100000,3,Bachelors,Management,Yes,4,0-1 Miles,North America,41,No
676,21717,Male,Married,40000,2,Partial College,Clerical,Yes,1,0-1 Miles,North America,47,No
677,13760,Male,Married,60000,4,Graduate Degree,Skilled Manual,No,0,0-1 Miles,North America,47,No
678,18145,Male,Married,80000,5,Bachelors,Management,No,2,2-5 Miles,Europe,62,No
679,21770,Male,Married,60000,4,Bachelors,Management,Yes,2,10+ Miles,North America,60,No
680,11165,Female,Married,60000,0,Partial College,Skilled Manual,No,1,1-2 Miles,North America,33,No
681,16377,Female,Single,80000,4,Graduate Degree,Skilled Manual,No,0,0-1 Miles,North America,47,No
682,26248,Male,Married,20000,3,Partial High School,Clerical,No,2,0-1 Miles,North America,52,No
683,23461,Female,Married,90000,5,Partial College,Professional,Yes,3,2-5 Miles,North America,40,No
684,29133,Female,Single,60000,4,Bachelors,Skilled Manual,No,2,0-1 Miles,North America,42,No
685,27673,Female,Single,60000,3,Graduate Degree,Management,Yes,2,5-10 Miles,North America,53,Yes
686,12774,Female,Married,40000,1,Partial College,Clerical,Yes,1,1-2 Miles,North America,51,Yes
687,18910,Male,Single,30000,0,Partial College,Skilled Manual,Yes,2,5-10 Miles,North America,30,No
688,11699,Male,Single,60000,2,Bachelors,Skilled Manual,No,2,0-1 Miles,North America,43,No
689,16725,Male,Married,30000,0,High School,Skilled Manual,Yes,2,5-10 Miles,North America,26,No
690,28269,Female,Single,130000,1,Bachelors,Management,No,1,2-5 Miles,North America,45,No
691,23144,Male,Married,50000,1,Bachelors,Skilled Manual,Yes,0,0-1 Miles,North America,34,Yes
692,23376,Male,Married,70000,1,Bachelors,Professional,Yes,1,2-5 Miles,North America,44,Yes
693,25970,Female,Single,60000,4,Bachelors,Skilled Manual,No,2,0-1 Miles,North America,41,Yes
694,28068,Female,Single,80000,3,Graduate Degree,Professional,No,0,0-1 Miles,North America,36,Yes
695,18390,Male,Married,80000,5,Partial College,Professional,Yes,2,0-1 Miles,North America,44,No
696,29112,Male,Single,60000,0,Partial College,Professional,No,2,1-2 Miles,North America,30,No
697,14090,Female,Married,30000,0,Partial High School,Clerical,No,2,0-1 Miles,North America,28,No
698,27040,Male,Married,20000,2,Partial High School,Clerical,Yes,2,1-2 Miles,North America,49,No
699,23479,Male,Single,90000,0,Partial College,Professional,No,2,0-1 Miles,North America,43,Yes
700,16795,Female,Married,70000,4,Bachelors,Management,Yes,1,1-2 Miles,North America,59,No
701,22014,Male,Single,30000,0,High School,Skilled Manual,Yes,2,5-10 Miles,North America,26,No
702,13314,Male,Married,120000,1,High School,Professional,Yes,4,5-10 Miles,North America,46,Yes
703,11619,Female,Single,50000,0,Graduate Degree,Skilled Manual,Yes,0,1-2 Miles,North America,33,No
704,29132,Female,Single,40000,0,Bachelors,Professional,Yes,1,2-5 Miles,North America,42,Yes
705,11199,Female,Married,70000,4,Bachelors,Management,Yes,1,10+ Miles,North America,59,No
706,20296,Female,Single,60000,0,Partial College,Skilled Manual,No,1,1-2 Miles,North America,33,Yes
707,17546,Female,Married,70000,1,Partial College,Skilled Manual,Yes,1,0-1 Miles,North America,44,Yes
708,18069,Male,Married,70000,5,Bachelors,Management,Yes,4,10+ Miles,North America,60,No
709,23712,Female,Single,70000,2,Bachelors,Management,Yes,1,10+ Miles,North America,59,No
710,23358,Male,Married,60000,0,High School,Professional,Yes,2,5-10 Miles,North America,32,Yes
711,20518,Female,Married,70000,2,Partial College,Professional,Yes,1,10+ Miles,North America,58,No
712,28026,Female,Married,40000,2,High School,Professional,No,2,2-5 Miles,North America,59,No
713,11669,Female,Single,70000,2,Bachelors,Skilled Manual,Yes,1,2-5 Miles,North America,38,No
714,16020,Male,Married,40000,0,High School,Skilled Manual,Yes,2,5-10 Miles,North America,28,Yes
715,27090,Female,Married,60000,1,Graduate Degree,Professional,Yes,0,2-5 Miles,North America,37,Yes
716,27198,Female,Single,80000,0,Graduate Degree,Skilled Manual,No,0,0-1 Miles,North America,40,No
717,19661,Male,Single,90000,4,Bachelors,Management,Yes,1,1-2 Miles,North America,38,Yes
718,26327,Male,Married,70000,4,Graduate Degree,Professional,Yes,0,2-5 Miles,North America,36,Yes
719,26341,Female,Married,70000,5,Graduate Degree,Professional,Yes,2,0-1 Miles,North America,37,No
720,24958,Female,Single,40000,5,High School,Professional,No,3,2-5 Miles,North America,60,Yes
721,13287,Male,Single,110000,4,Bachelors,Management,Yes,4,5-10 Miles,North America,42,Yes
722,14493,Female,Single,70000,3,Graduate Degree,Management,No,2,1-2 Miles,North America,53,No
723,26678,Female,Single,80000,2,Partial High School,Skilled Manual,Yes,2,5-10 Miles,North America,49,No
724,23275,Male,Married,30000,2,High School,Skilled Manual,Yes,2,1-2 Miles,North America,49,No
725,11270,Male,Married,130000,2,Graduate Degree,Management,Yes,3,0-1 Miles,North America,42,Yes
726,20084,Male,Married,20000,2,High School,Manual,No,2,0-1 Miles,North America,53,No
727,16144,Male,Married,70000,1,Graduate Degree,Professional,Yes,1,0-1 Miles,North America,46,Yes
728,27731,Male,Married,40000,0,High School,Skilled Manual,Yes,2,5-10 Miles,North America,27,No
729,11886,Female,Married,60000,3,Bachelors,Professional,Yes,1,0-1 Miles,North America,48,Yes
730,24324,Female,Single,60000,4,Bachelors,Skilled Manual,Yes,2,2-5 Miles,North America,41,Yes
731,22220,Male,Married,60000,2,High School,Professional,No,2,1-2 Miles,North America,49,Yes
732,26625,Female,Single,60000,0,Graduate Degree,Professional,Yes,1,2-5 Miles,North America,38,Yes
733,23027,Male,Single,130000,1,Bachelors,Management,No,4,0-1 Miles,North America,44,No
734,16867,Female,Single,130000,1,Bachelors,Management,No,3,0-1 Miles,North America,45,Yes
735,14514,Female,Single,30000,0,Partial College,Skilled Manual,Yes,1,5-10 Miles,North America,26,No
736,19634,Male,Married,40000,0,High School,Skilled Manual,Yes,1,5-10 Miles,North America,31,No
737,18504,Male,Married,70000,2,Partial High School,Skilled Manual,No,2,1-2 Miles,North America,49,No
738,28799,Female,Single,40000,2,Partial College,Clerical,No,1,1-2 Miles,North America,47,Yes
739,11225,Female,Married,60000,2,Partial College,Professional,Yes,1,10+ Miles,North America,55,No
740,17657,Male,Married,40000,4,Partial College,Clerical,No,0,0-1 Miles,North America,30,No
741,14913,Female,Married,40000,1,Partial College,Clerical,Yes,1,1-2 Miles,North America,48,Yes
742,14077,Male,Single,30000,0,High School,Skilled Manual,Yes,2,5-10 Miles,North America,30,No
743,13296,Male,Married,110000,1,Bachelors,Management,Yes,3,5-10 Miles,North America,45,No
744,20535,Female,Married,70000,4,Partial College,Professional,Yes,1,10+ Miles,North America,56,No
745,12452,Male,Married,60000,4,Graduate Degree,Skilled Manual,Yes,0,1-2 Miles,North America,47,Yes
746,28043,Female,Married,60000,2,Bachelors,Management,Yes,0,10+ Miles,North America,56,No
747,12957,Female,Single,70000,1,Bachelors,Professional,No,1,0-1 Miles,North America,44,No
748,15412,Male,Married,130000,2,Graduate Degree,Management,Yes,3,2-5 Miles,North America,69,No
749,20514,Female,Married,70000,2,Partial College,Professional,Yes,1,2-5 Miles,North America,59,No
750,20758,Male,Married,30000,2,High School,Skilled Manual,Yes,2,1-2 Miles,North America,50,No
751,11801,Male,Married,60000,1,Graduate Degree,Professional,Yes,0,2-5 Miles,North America,36,No
752,22211,Male,Married,60000,0,Partial College,Professional,Yes,2,5-10 Miles,North America,32,No
753,28087,Female,Single,40000,0,Partial College,Skilled Manual,No,1,1-2 Miles,North America,27,No
754,23668,Female,Married,40000,4,High School,Professional,Yes,2,5-10 Miles,North America,59,Yes
755,27441,Male,Married,60000,3,High School,Professional,No,2,2-5 Miles,North America,53,No
756,27261,Male,Married,40000,1,Bachelors,Skilled Manual,No,1,0-1 Miles,North America,36,Yes
757,18649,Male,Single,30000,1,High School,Clerical,Yes,2,1-2 Miles,North America,51,Yes
758,21714,Female,Single,80000,5,Graduate Degree,Skilled Manual,No,0,0-1 Miles,North America,47,No
759,23217,Female,Single,60000,3,Graduate Degree,Professional,Yes,0,2-5 Miles,North America,43,Yes
760,23797,Male,Single,20000,3,Partial High School,Clerical,No,2,0-1 Miles,North America,50,No
761,13216,Female,Married,60000,5,Bachelors,Management,Yes,3,10+ Miles,North America,59,No
762,20657,Male,Single,50000,2,Bachelors,Skilled Manual,Yes,0,2-5 Miles,North America,37,Yes
763,12882,Male,Married,50000,1,Graduate Degree,Skilled Manual,Yes,0,0-1 Miles,North America,33,Yes
764,25908,Female,Married,60000,0,Partial College,Skilled Manual,No,1,1-2 Miles,North America,27,No
765,16753,Female,Single,70000,0,Partial College,Skilled Manual,Yes,2,5-10 Miles,North America,34,Yes
766,14608,Male,Married,50000,4,Bachelors,Skilled Manual,Yes,3,10+ Miles,North America,42,No
767,24979,Female,Married,60000,2,Partial College,Professional,Yes,2,2-5 Miles,North America,57,Yes
768,13313,Female,Married,120000,1,High School,Professional,No,4,2-5 Miles,North America,45,No
769,18952,Female,Married,100000,4,Bachelors,Management,Yes,4,0-1 Miles,North America,40,No
770,17699,Male,Married,60000,1,Graduate Degree,Skilled Manual,No,0,0-1 Miles,North America,43,No
771,14657,Male,Married,80000,1,Partial College,Skilled Manual,No,1,0-1 Miles,North America,47,Yes
772,11540,Male,Single,60000,4,Graduate Degree,Skilled Manual,Yes,0,1-2 Miles,North America,47,Yes
773,11783,Female,Married,60000,1,Graduate Degree,Skilled Manual,Yes,0,0-1 Miles,North America,34,No
774,14602,Female,Married,80000,3,Graduate Degree,Professional,Yes,0,0-1 Miles,North America,36,Yes
775,29030,Male,Married,70000,2,Partial High School,Skilled Manual,Yes,2,10+ Miles,North America,54,No
776,26490,Male,Single,70000,2,Bachelors,Management,No,1,2-5 Miles,North America,59,Yes
777,13151,Male,Single,40000,0,High School,Skilled Manual,Yes,2,5-10 Miles,North America,27,No
778,17260,Male,Married,90000,5,Partial College,Professional,Yes,3,0-1 Miles,North America,41,No
779,15372,Male,Married,80000,3,Partial College,Professional,No,2,2-5 Miles,North America,50,Yes
780,18105,Female,Married,60000,2,Partial College,Professional,Yes,1,10+ Miles,North America,55,No
781,19660,Male,Married,80000,4,Bachelors,Management,Yes,0,0-1 Miles,North America,43,No
782,16112,Male,Single,70000,4,Bachelors,Professional,Yes,2,2-5 Miles,North America,43,Yes
783,20698,Male,Married,60000,4,Bachelors,Skilled Manual,Yes,3,5-10 Miles,North America,42,No
784,20076,Female,Single,10000,2,High School,Manual,Yes,2,1-2 Miles,North America,53,Yes
785,24496,Female,Single,40000,0,High School,Skilled Manual,No,2,0-1 Miles,North America,28,Yes
786,15468,Female,Married,50000,1,Bachelors,Skilled Manual,Yes,1,0-1 Miles,North America,35,No
787,28031,Female,Single,70000,2,Bachelors,Management,No,1,2-5 Miles,North America,59,Yes
788,26270,Female,Single,20000,2,Partial High School,Clerical,Yes,2,1-2 Miles,North America,49,No
789,22221,Male,Married,60000,2,High School,Professional,No,2,1-2 Miles,North America,48,Yes
790,28228,Female,Single,80000,2,Partial High School,Skilled Manual,No,2,1-2 Miles,North America,50,No
791,18363,Male,Married,40000,0,High School,Skilled Manual,Yes,2,5-10 Miles,North America,28,Yes
792,23256,Male,Single,30000,1,High School,Clerical,No,1,5-10 Miles,North America,52,No
793,12768,Male,Married,30000,1,High School,Clerical,Yes,1,2-5 Miles,North America,52,Yes
794,20361,Male,Married,50000,2,Graduate Degree,Management,Yes,2,5-10 Miles,North America,69,No
795,21306,Male,Single,60000,2,High School,Professional,Yes,2,5-10 Miles,North America,51,No
796,13382,Male,Married,70000,5,Partial College,Professional,Yes,2,1-2 Miles,North America,57,Yes
797,20310,Male,Single,60000,0,Partial College,Skilled Manual,Yes,1,5-10 Miles,North America,27,Yes
798,22971,Female,Single,30000,0,High School,Skilled Manual,No,2,0-1 Miles,North America,25,Yes
799,15287,Female,Single,50000,1,Graduate Degree,Skilled Manual,Yes,0,1-2 Miles,North America,33,Yes
800,15532,Male,Single,60000,4,Bachelors,Professional,Yes,2,2-5 Miles,North America,43,Yes
801,11255,Male,Married,70000,4,Graduate Degree,Management,Yes,2,5-10 Miles,North America,73,No
802,28090,Male,Married,40000,0,Partial College,Skilled Manual,Yes,1,5-10 Miles,North America,27,No
803,15255,Male,Married,40000,0,High School,Skilled Manual,Yes,2,5-10 Miles,North America,28,Yes
804,13154,Male,Married,40000,0,High School,Skilled Manual,No,2,0-1 Miles,North America,27,Yes
805,26778,Female,Single,40000,2,High School,Skilled Manual,Yes,2,5-10 Miles,North America,31,No
806,23248,Female,Married,10000,2,High School,Manual,Yes,2,1-2 Miles,North America,53,No
807,21417,Female,Single,60000,0,Partial College,Professional,No,2,1-2 Miles,North America,32,Yes
808,17668,Male,Single,30000,2,High School,Skilled Manual,Yes,2,1-2 Miles,North America,50,Yes
809,27994,Female,Married,40000,4,High School,Professional,Yes,2,5-10 Miles,North America,69,No
810,20376,Female,Single,70000,3,Graduate Degree,Management,Yes,2,5-10 Miles,North America,52,Yes
811,25954,Male,Married,60000,0,Partial College,Skilled Manual,No,2,1-2 Miles,North America,31,No
812,15749,Female,Single,70000,4,Bachelors,Management,Yes,2,10+ Miles,North America,61,No
813,25899,Female,Married,70000,2,High School,Professional,Yes,2,10+ Miles,North America,53,No
814,13351,Female,Single,70000,4,Bachelors,Management,Yes,2,1-2 Miles,North America,62,Yes
815,23333,Male,Married,40000,0,Partial College,Skilled Manual,No,2,1-2 Miles,North America,30,No
816,21660,Female,Married,60000,3,Graduate Degree,Professional,Yes,0,2-5 Miles,North America,43,Yes
817,17012,Female,Married,60000,3,Graduate Degree,Professional,Yes,0,2-5 Miles,North America,42,Yes
818,24514,Male,Married,40000,0,Partial College,Skilled Manual,Yes,1,5-10 Miles,North America,30,No
819,27505,Female,Single,40000,0,High School,Skilled Manual,Yes,2,5-10 Miles,North America,30,No
820,29243,Male,Single,110000,1,Bachelors,Management,Yes,1,5-10 Miles,North America,43,No
821,26582,Male,Married,60000,0,Partial College,Skilled Manual,Yes,2,5-10 Miles,North America,33,Yes
822,14271,Male,Married,30000,0,High School,Skilled Manual,Yes,2,5-10 Miles,North America,32,No
823,23041,Female,Single,70000,4,High School,Professional,Yes,0,5-10 Miles,North America,50,Yes
824,29048,Male,Single,110000,2,Bachelors,Management,No,3,0-1 Miles,North America,37,Yes
825,24433,Male,Married,70000,3,High School,Professional,No,1,1-2 Miles,North America,52,Yes
826,15501,Male,Married,70000,4,Graduate Degree,Professional,Yes,0,2-5 Miles,North America,36,Yes
827,13911,Female,Single,80000,3,Bachelors,Skilled Manual,Yes,2,2-5 Miles,North America,41,Yes
828,20421,Female,Single,40000,0,Partial High School,Clerical,Yes,2,5-10 Miles,North America,26,No
829,16009,Male,Single,170000,1,Graduate Degree,Management,No,4,0-1 Miles,North America,66,No
830,18411,Male,Married,60000,2,High School,Professional,No,2,5-10 Miles,North America,51,No
831,19163,Female,Married,70000,4,Bachelors,Professional,Yes,2,0-1 Miles,North America,43,Yes
832,18572,Female,Married,60000,0,Graduate Degree,Professional,Yes,0,0-1 Miles,North America,39,No
833,27540,Female,Single,70000,0,Bachelors,Professional,No,1,0-1 Miles,North America,37,Yes
834,19889,Female,Single,70000,2,Partial High School,Skilled Manual,No,2,2-5 Miles,North America,54,Yes
835,12922,Female,Single,60000,3,Bachelors,Skilled Manual,Yes,0,2-5 Miles,North America,40,Yes
836,18891,Female,Married,40000,0,Partial College,Skilled Manual,Yes,2,5-10 Miles,North America,28,No
837,16773,Male,Married,60000,1,Graduate Degree,Skilled Manual,Yes,0,0-1 Miles,North America,33,No
838,19143,Female,Single,80000,3,Bachelors,Skilled Manual,Yes,2,2-5 Miles,North America,41,Yes
839,23882,Female,Single,80000,3,Graduate Degree,Professional,Yes,0,0-1 Miles,North America,37,Yes
840,11233,Male,Married,70000,4,Partial College,Professional,Yes,2,10+ Miles,North America,53,No
841,12056,Male,Married,120000,2,Graduate Degree,Management,Yes,3,5-10 Miles,North America,64,No
842,15555,Female,Married,60000,1,Partial College,Skilled Manual,Yes,1,2-5 Miles,North America,45,Yes
843,18423,Male,Single,80000,2,Partial High School,Skilled Manual,No,2,1-2 Miles,North America,52,No
844,22743,Female,Married,40000,5,High School,Professional,Yes,2,10+ Miles,North America,60,No
845,25343,Female,Single,20000,3,Partial High School,Clerical,Yes,2,1-2 Miles,North America,50,No
846,13390,Female,Married,70000,4,Partial College,Professional,No,1,1-2 Miles,North America,56,No
847,17482,Female,Single,40000,0,Partial High School,Clerical,Yes,2,5-10 Miles,North America,29,No
848,13176,Male,Single,130000,0,Graduate Degree,Management,No,2,0-1 Miles,North America,38,Yes
849,20504,Female,Married,40000,5,High School,Professional,No,2,2-5 Miles,North America,60,No
850,12205,Female,Single,130000,2,Bachelors,Management,No,4,0-1 Miles,North America,67,No
851,16751,Male,Married,60000,0,Partial College,Skilled Manual,Yes,1,5-10 Miles,North America,32,Yes
852,21613,Male,Single,50000,2,Bachelors,Skilled Manual,No,1,0-1 Miles,North America,39,Yes
853,24801,Male,Single,60000,1,Graduate Degree,Professional,Yes,0,2-5 Miles,North America,35,Yes
854,17519,Female,Married,60000,0,Partial College,Professional,Yes,2,5-10 Miles,North America,32,No
855,18347,Female,Single,30000,0,Partial College,Skilled Manual,No,1,1-2 Miles,North America,31,No
856,29052,Male,Single,40000,0,Partial College,Skilled Manual,Yes,1,5-10 Miles,North America,27,No
857,11745,Female,Married,60000,1,Bachelors,Professional,Yes,1,0-1 Miles,North America,47,Yes
858,19147,Male,Married,40000,0,Bachelors,Professional,No,1,0-1 Miles,North America,42,No
859,19217,Male,Married,30000,2,High School,Skilled Manual,Yes,2,1-2 Miles,North America,49,No
860,15839,Male,Single,30000,0,Partial College,Skilled Manual,Yes,1,5-10 Miles,North America,32,No
861,13714,Female,Married,20000,2,High School,Manual,No,2,1-2 Miles,North America,53,Yes
862,22330,Male,Married,50000,0,Graduate Degree,Skilled Manual,Yes,0,1-2 Miles,North America,32,Yes
863,18783,Male,Single,80000,0,Bachelors,Management,No,1,0-1 Miles,North America,38,Yes
864,25041,Male,Single,40000,0,High School,Skilled Manual,Yes,2,5-10 Miles,North America,31,No
865,22046,Female,Single,80000,0,Bachelors,Management,No,1,0-1 Miles,North America,38,Yes
866,28052,Male,Married,60000,2,High School,Professional,Yes,2,10+ Miles,North America,55,No
867,26693,Male,Married,70000,3,Partial College,Professional,Yes,1,5-10 Miles,North America,49,No
868,24955,Male,Single,30000,5,Partial High School,Skilled Manual,Yes,3,10+ Miles,North America,60,Yes
869,26065,Female,Single,110000,3,Bachelors,Management,No,4,1-2 Miles,North America,42,No
870,13942,Male,Married,60000,1,Partial College,Skilled Manual,Yes,1,0-1 Miles,North America,46,No
871,11219,Male,Married,60000,2,High School,Professional,Yes,2,10+ Miles,North America,55,No
872,22118,Female,Single,70000,3,Graduate Degree,Management,Yes,2,5-10 Miles,North America,53,Yes
873,23197,Male,Married,50000,3,Bachelors,Skilled Manual,Yes,2,2-5 Miles,North America,40,No
874,14883,Female,Married,30000,1,Bachelors,Skilled Manual,Yes,1,5-10 Miles,North America,53,Yes
875,27279,Female,Single,70000,2,Bachelors,Skilled Manual,Yes,0,2-5 Miles,North America,38,Yes
876,18322,Male,Single,30000,0,Partial High School,Clerical,No,2,0-1 Miles,North America,26,No
877,15879,Male,Married,70000,5,Bachelors,Management,Yes,2,2-5 Miles,North America,61,No
878,28278,Male,Married,50000,2,Graduate Degree,Management,Yes,2,5-10 Miles,North America,71,No
879,24416,Male,Married,90000,4,High School,Professional,Yes,2,1-2 Miles,North America,45,No
880,28066,Male,Married,80000,2,Graduate Degree,Professional,Yes,0,0-1 Miles,North America,37,Yes
881,11275,Female,Married,80000,4,Graduate Degree,Management,Yes,2,0-1 Miles,North America,72,Yes
882,14872,Male,Married,30000,0,Graduate Degree,Skilled Manual,Yes,0,0-1 Miles,North America,32,No
883,16151,Female,Married,60000,1,Bachelors,Professional,Yes,1,2-5 Miles,North America,48,Yes
884,19731,Male,Married,80000,4,Graduate Degree,Management,Yes,2,5-10 Miles,North America,68,No
885,23801,Female,Married,20000,2,Partial High School,Clerical,Yes,2,0-1 Miles,North America,49,No
886,11807,Male,Married,70000,3,Graduate Degree,Professional,Yes,0,2-5 Miles,North America,34,No
887,11622,Male,Married,50000,0,Graduate Degree,Skilled Manual,Yes,0,0-1 Miles,North America,32,No
888,26597,Female,Single,60000,4,Bachelors,Skilled Manual,No,2,0-1 Miles,North America,42,No
889,27074,Female,Married,70000,1,Graduate Degree,Skilled Manual,Yes,0,0-1 Miles,North America,35,Yes
890,19228,Female,Married,40000,2,Partial College,Clerical,Yes,1,0-1 Miles,North America,48,No
891,13415,Male,Single,100000,1,Graduate Degree,Management,Yes,3,2-5 Miles,North America,73,Yes
892,17000,Female,Single,70000,4,Bachelors,Skilled Manual,Yes,2,2-5 Miles,North America,43,Yes
893,14569,Male,Married,60000,1,Graduate Degree,Professional,Yes,0,0-1 Miles,North America,35,No
894,13873,Male,Married,70000,3,Graduate Degree,Professional,Yes,0,0-1 Miles,North America,35,Yes
895,20401,Female,Married,50000,4,Bachelors,Management,Yes,2,1-2 Miles,North America,64,Yes
896,21583,Female,Married,50000,1,Bachelors,Skilled Manual,Yes,0,0-1 Miles,North America,34,Yes
897,12029,Male,Married,30000,0,Partial High School,Clerical,No,2,0-1 Miles,North America,28,No
898,18066,Male,Single,70000,5,Bachelors,Management,Yes,3,10+ Miles,North America,60,Yes
899,28192,Female,Married,70000,5,Graduate Degree,Professional,Yes,3,10+ Miles,North America,46,No
900,16122,Male,Married,40000,4,High School,Skilled Manual,Yes,2,0-1 Miles,North America,44,Yes
901,18607,Female,Single,60000,4,Bachelors,Skilled Manual,Yes,2,2-5 Miles,North America,42,Yes
902,28858,Male,Single,80000,3,Bachelors,Skilled Manual,Yes,0,2-5 Miles,North America,40,No
903,14432,Male,Single,90000,4,Graduate Degree,Management,Yes,1,5-10 Miles,North America,73,No
904,26305,Female,Single,60000,2,Bachelors,Skilled Manual,No,0,0-1 Miles,North America,36,Yes
905,22050,Male,Single,90000,4,Bachelors,Management,Yes,1,1-2 Miles,North America,38,Yes
906,25394,Male,Married,60000,1,Graduate Degree,Professional,Yes,0,2-5 Miles,North America,34,Yes
907,19747,Male,Married,50000,4,Bachelors,Management,Yes,2,10+ Miles,North America,63,No
908,23195,Male,Single,50000,3,Bachelors,Skilled Manual,Yes,2,2-5 Miles,North America,41,Yes
909,21695,Male,Married,60000,0,Graduate Degree,Skilled Manual,Yes,0,1-2 Miles,North America,39,Yes
910,13934,Male,Married,40000,4,High School,Skilled Manual,Yes,2,2-5 Miles,North America,46,No
911,13337,Female,Married,80000,5,Bachelors,Management,Yes,2,5-10 Miles,North America,64,No
912,27190,Female,Married,40000,3,Partial College,Clerical,Yes,1,1-2 Miles,North America,32,No
913,28657,Male,Single,60000,2,Bachelors,Skilled Manual,Yes,0,2-5 Miles,North America,36,Yes
914,21713,Male,Single,80000,5,Graduate Degree,Skilled Manual,No,0,0-1 Miles,North America,47,No
915,21752,Male,Married,60000,3,Graduate Degree,Management,Yes,2,10+ Miles,North America,64,No
916,27273,Male,Single,70000,3,Graduate Degree,Professional,No,0,0-1 Miles,North America,35,Yes
917,22719,Male,Single,110000,3,Bachelors,Management,Yes,4,2-5 Miles,North America,40,Yes
918,22042,Female,Married,70000,0,Partial College,Skilled Manual,Yes,2,5-10 Miles,North America,34,Yes
919,21451,Female,Married,40000,4,High School,Professional,Yes,2,10+ Miles,North America,61,No
920,20754,Male,Married,30000,2,High School,Skilled Manual,Yes,2,1-2 Miles,North America,51,No
921,12153,Female,Single,70000,3,Partial College,Professional,Yes,1,5-10 Miles,North America,49,Yes
922,16895,Female,Married,40000,3,Partial College,Professional,No,2,1-2 Miles,North America,54,Yes
923,26728,Male,Single,70000,3,Graduate Degree,Management,No,2,1-2 Miles,North America,53,Yes
924,11090,Male,Single,90000,2,Partial College,Professional,Yes,1,2-5 Miles,North America,48,Yes
925,15862,Female,Single,50000,0,Graduate Degree,Skilled Manual,Yes,0,1-2 Miles,North America,33,Yes
926,26495,Female,Single,40000,2,High School,Professional,Yes,2,10+ Miles,North America,57,No
927,11823,Female,Married,70000,0,Graduate Degree,Professional,Yes,0,2-5 Miles,North America,39,No
928,23449,Male,Married,60000,2,High School,Professional,Yes,2,5-10 Miles,North America,48,No
929,23459,Male,Married,60000,2,High School,Professional,Yes,2,5-10 Miles,North America,50,No
930,19543,Male,Married,70000,5,Graduate Degree,Professional,No,3,10+ Miles,North America,47,No
931,14914,Female,Married,40000,1,Partial College,Clerical,Yes,1,1-2 Miles,North America,49,Yes
932,12033,Female,Single,40000,0,High School,Skilled Manual,No,2,0-1 Miles,North America,27,Yes
933,11941,Male,Single,60000,0,Partial College,Skilled Manual,Yes,1,5-10 Miles,North America,29,No
934,14389,Male,Married,60000,2,Bachelors,Management,Yes,0,2-5 Miles,North America,59,No
935,18050,Female,Married,60000,1,Partial College,Skilled Manual,Yes,1,0-1 Miles,North America,45,Yes
936,19856,Female,Married,60000,4,Bachelors,Management,Yes,2,2-5 Miles,North America,60,No
937,11663,Male,Married,70000,4,Graduate Degree,Professional,Yes,0,0-1 Miles,North America,36,Yes
938,27740,Female,Married,40000,0,High School,Skilled Manual,Yes,2,5-10 Miles,North America,27,No
939,23455,Male,Single,80000,2,Partial High School,Skilled Manual,No,2,1-2 Miles,North America,50,No
940,15292,Female,Single,60000,1,Graduate Degree,Skilled Manual,Yes,0,1-2 Miles,North America,35,No
941,21587,Female,Married,60000,1,Graduate Degree,Skilled Manual,Yes,0,2-5 Miles,North America,34,Yes
942,23513,Female,Married,40000,3,Partial College,Professional,Yes,2,5-10 Miles,North America,54,No
943,24322,Female,Married,60000,4,Bachelors,Skilled Manual,Yes,2,0-1 Miles,North America,42,No
944,26298,Female,Married,50000,1,Bachelors,Skilled Manual,Yes,0,2-5 Miles,North America,34,Yes
945,25419,Male,Single,50000,2,Bachelors,Skilled Manual,No,1,0-1 Miles,North America,38,Yes
946,13343,Female,Married,90000,5,Bachelors,Management,Yes,2,1-2 Miles,North America,63,Yes
947,11303,Female,Single,90000,4,High School,Professional,No,3,1-2 Miles,North America,45,Yes
948,21693,Female,Single,60000,0,Graduate Degree,Skilled Manual,No,0,0-1 Miles,North America,40,No
949,28056,Male,Married,70000,2,Partial High School,Skilled Manual,Yes,2,10+ Miles,North America,53,No
950,11788,Female,Single,70000,1,Graduate Degree,Professional,Yes,0,2-5 Miles,North America,34,No
951,22296,Male,Married,70000,0,Bachelors,Professional,No,1,0-1 Miles,North America,38,No
952,15319,Female,Married,70000,4,Bachelors,Management,No,1,1-2 Miles,North America,59,No
953,17654,Female,Single,40000,3,Partial College,Clerical,Yes,1,1-2 Miles,North America,30,Yes
954,14662,Male,Married,60000,1,Bachelors,Professional,Yes,1,0-1 Miles,North America,48,Yes
955,17541,Female,Married,40000,4,High School,Skilled Manual,Yes,2,2-5 Miles,North America,43,No
956,13886,Female,Married,70000,4,Graduate Degree,Professional,Yes,0,2-5 Miles,North America,35,Yes
957,13073,Female,Married,60000,0,Partial College,Professional,Yes,2,5-10 Miles,North America,30,No
958,21940,Male,Married,90000,5,Graduate Degree,Professional,Yes,0,0-1 Miles,North America,47,Yes
959,20196,Male,Married,60000,1,Partial College,Skilled Manual,Yes,1,2-5 Miles,North America,45,Yes
960,23491,Male,Single,100000,2,Partial College,Professional,No,4,1-2 Miles,North America,45,No
961,16651,Female,Married,120000,2,Bachelors,Management,Yes,3,5-10 Miles,North America,62,No
962,16813,Male,Married,60000,2,Partial College,Professional,Yes,2,10+ Miles,North America,55,No
963,16007,Female,Married,90000,5,Bachelors,Management,Yes,2,1-2 Miles,North America,66,Yes
964,27434,Male,Single,70000,4,Partial College,Professional,Yes,1,10+ Miles,North America,56,No
965,27756,Female,Single,50000,3,Bachelors,Skilled Manual,No,1,0-1 Miles,North America,40,No
966,23818,Female,Married,50000,0,Graduate Degree,Skilled Manual,Yes,0,1-2 Miles,North America,33,Yes
967,19012,Male,Married,80000,3,Bachelors,Management,Yes,1,1-2 Miles,North America,56,No
968,18329,Male,Single,30000,0,Partial High School,Clerical,No,2,5-10 Miles,North America,27,No
969,29037,Male,Married,60000,0,Graduate Degree,Professional,No,0,0-1 Miles,North America,39,No
970,26576,Female,Married,60000,0,Partial College,Skilled Manual,Yes,2,5-10 Miles,North America,31,No
971,12192,Female,Single,60000,2,Partial High School,Skilled Manual,No,2,1-2 Miles,North America,51,No
972,14887,Female,Married,30000,1,High School,Clerical,Yes,1,5-10 Miles,North America,52,No
973,11734,Male,Married,60000,1,Partial College,Skilled Manual,No,1,0-1 Miles,North America,47,No
974,17462,Male,Married,70000,3,Graduate Degree,Management,Yes,2,5-10 Miles,North America,53,Yes
975,20659,Male,Married,70000,3,Graduate Degree,Professional,Yes,0,0-1 Miles,North America,35,Yes
976,28004,Female,Married,60000,3,Bachelors,Management,Yes,2,10+ Miles,North America,66,No
977,19741,Female,Single,80000,4,Graduate Degree,Management,Yes,2,5-10 Miles,North America,65,No
978,17450,Male,Married,80000,5,Partial College,Professional,Yes,3,5-10 Miles,North America,45,No
979,17337,Male,Single,40000,0,High School,Skilled Manual,Yes,1,5-10 Miles,North America,31,No
980,18594,Female,Single,80000,3,Bachelors,Skilled Manual,Yes,3,10+ Miles,North America,40,Yes
981,15982,Male,Married,110000,5,Partial College,Professional,Yes,4,2-5 Miles,North America,46,No
982,28625,Male,Single,40000,2,Partial College,Clerical,No,1,1-2 Miles,North America,47,Yes
983,11269,Male,Married,130000,2,Graduate Degree,Management,Yes,2,0-1 Miles,North America,41,No
984,25148,Male,Married,60000,2,High School,Professional,No,2,1-2 Miles,North America,48,Yes
985,13920,Female,Single,50000,4,Bachelors,Skilled Manual,Yes,2,0-1 Miles,North America,42,No
986,23704,Male,Single,40000,5,High School,Professional,Yes,4,10+ Miles,North America,43,Yes
987,28972,Female,Single,60000,3,Graduate Degree,Management,Yes,2,10+ Miles,North America,66,No
988,22730,Male,Married,70000,5,Bachelors,Management,Yes,2,10+ Miles,North America,63,No
989,29134,Male,Married,60000,4,Bachelors,Skilled Manual,No,3,10+ Miles,North America,42,No
990,14332,Female,Single,30000,0,High School,Skilled Manual,No,2,5-10 Miles,North America,26,No
991,19117,Female,Single,60000,1,Graduate Degree,Professional,Yes,0,2-5 Miles,North America,36,Yes
992,22864,Male,Married,90000,2,Partial College,Professional,No,0,5-10 Miles,North America,49,Yes
993,11292,Male,Single,150000,1,Partial College,Professional,No,3,0-1 Miles,North America,44,Yes
994,13466,Male,Married,80000,5,Partial College,Professional,Yes,3,1-2 Miles,North America,46,No
995,23731,Male,Married,60000,2,High School,Professional,Yes,2,2-5 Miles,North America,54,Yes
996,28672,Male,Single,70000,4,Graduate Degree,Professional,Yes,0,2-5 Miles,North America,35,Yes
997,11809,Male,Married,60000,2,Bachelors,Skilled Manual,Yes,0,0-1 Miles,North America,38,Yes
998,19664,Male,Single,100000,3,Bachelors,Management,No,3,1-2 Miles,North America,38,No
999,12121,Male,Single,60000,3,High School,Professional,Yes,2,10+ Miles,North America,53,Yes
